factor,comparison,stress_family,orthogroup_ID,Ofaveolata_ID,Ssiderea_ID,Ofaveolata_lpv,Ssiderea_lpv,relationship,Ofaveolata_annotation,Ssiderea_annotation,gene_name
Site,MacArthur North vs Emerald Reef,Apoptosis/cell death,OG0001593,Ofaveolata014508,Ssiderea046106,-1.1905658,3.47701308,Inverse,,Death effector domain,Death effector
Site,MacArthur North vs Emerald Reef,DNA repair,OG0002387,Ofaveolata030627,Ssiderea054386,1.78031993,1.18151417,Direct,Poly(ADP-ribose) polymerase catalytic domain,Poly (ADP-ribose) polymerase,Poly(ADP-ribose) polymerase
Site,MacArthur North vs Emerald Reef,DNA repair,OG0002175,Ofaveolata003889,Ssiderea030331,-1.1025617,1.74913788,Inverse,DNA-directed 5'-3' RNA polymerase activity,G-protein coupled receptor activity,DNA-directed RNA polymerase
Site,MacArthur North vs Emerald Reef,DNA repair,OG0002863,Ofaveolata024078,Ssiderea005462,-3.2195481,1.41259333,Inverse,RNA-directed 5'-3' RNA polymerase activity,AAA domain,RNA polymerase
Site,MacArthur North vs Emerald Reef,Heat shock proteins,OG0000534,Ofaveolata032090,Ssiderea048704,-1.9870475,-1.6260707,Direct,Heat shock 70 kDa protein 12A-like,Heat shock 70 kDa protein 12A-like,HSP 70
Site,MacArthur North vs Emerald Reef,Heat shock proteins,OG0003060,Ofaveolata032100,Ssiderea048701,-2.5638287,-2.5016421,Direct,Heat shock 70 kDa protein 12A-like,Heat shock 70 kDa protein 12A-like,HSP 70
Site,MacArthur North vs Emerald Reef,Heat shock proteins,OG0010995,Ofaveolata007495,Ssiderea044419,1.48682091,5.51261029,Direct,Belongs to the small heat shock protein (HSP20) family,Belongs to the small heat shock protein (HSP20) family,HSP 20
Site,MacArthur North vs Emerald Reef,Immune response,OG0000817,Ofaveolata010854,Ssiderea043373,-5.6265282,-1.3288244,Direct,Galactose binding lectin domain,Galactose binding lectin domain,Galactose lectin
Site,MacArthur North vs Emerald Reef,Immune response,OG0001170,Ofaveolata031182,Ssiderea026681,1.71701874,3.43479772,Direct,carbohydrate binding,C-type lectin (CTL) or carbohydrate-recognition domain (CRD),C-type lectin
Site,MacArthur North vs Emerald Reef,Immune response,OG0000287,Ofaveolata003751,Ssiderea012958,-4.7315477,1.84395068,Inverse,Tachylectin,Tachylectin,Tachylectin
Site,MacArthur North vs Emerald Reef,Immune response,OG0012143,Ofaveolata002328,Ssiderea012842,3.87052987,-1.2396822,Inverse,,Lactose-binding lectin l-2-like,Lactose-binding lectin l-2-like
Site,MacArthur North vs Emerald Reef,Oxidative stress/antioxidants,OG0004206,Ofaveolata015422,Ssiderea038170,2.12194819,-1.0052042,Inverse,Amine oxidase flavin-containing,Amine oxidase flavin-containing,Amine oxidase (flavin-containing)
Site,MacArthur North vs Emerald Reef,Oxidative stress/antioxidants,OG0005250,Ofaveolata029294,Ssiderea033145,-3.7188948,1.27864084,Inverse,Belongs to the oxygen-dependent FAD-linked oxidoreductase family,PFAM FAD linked oxidase domain protein,FAD-linked oxidoreductase
Site,MacArthur North vs Emerald Reef,Ubiquitin-proteasome,OG0002187,Ofaveolata035049,Ssiderea038673,4.05447491,1.57583419,Direct,Mindbomb E3 ubiquitin protein ligase 2,Regulator of chromosome condensation (RCC1) repeat,E3 ubiquitin ligase 2
Site,MacArthur North vs Emerald Reef,Ubiquitin-proteasome,OG0002308,Ofaveolata005310,Ssiderea015840,-4.8644039,-1.0000316,Direct,E3 ubiquitin-protein ligase parkin,E3 ubiquitin-protein ligase parkin,Ubiquitin-protein ligase E3
Site,MacArthur North vs Emerald Reef,Ubiquitin-proteasome,OG0009926,Ofaveolata012658,Ssiderea000678,1.51523117,2.58592068,Direct,SUMO conjugating enzyme activity,SUMO conjugating enzyme activity,SUMO conjugating enzyme 
Site,MacArthur North vs Emerald Reef,Ubiquitin-proteasome,OG0010085,Ofaveolata007310,Ssiderea058217,-1.36691,-1.4663264,Direct,Lys63-specific deubiquitinase activity,Lys63-specific deubiquitinase activity,Lys63-specific deubiquitinase
Site,MacArthur North vs Emerald Reef,Ubiquitin-proteasome,OG0002275,Ofaveolata024347,Ssiderea005820,2.13783433,-1.1052181,Inverse,e3 ubiquitin-protein ligase,e3 ubiquitin-protein ligase,Ubiquitin-protein ligase E3
Site,MacArthur North vs Rainbow Reef,Apoptosis/cell death,OG0000980,Ofaveolata015386,Ssiderea038323,-1.330462,-2.2446374,Direct,BIR domain binding,"Caspase 9, apoptosis-related cysteine protease",Apoptosis-related cysteine protease
Site,MacArthur North vs Rainbow Reef,DNA repair,OG0001068,Ofaveolata035843,Ssiderea000261,4.21279418,3.33853086,Direct,transcription regulator activity,"DNA-binding transcription factor activity, RNA polymerase II-specific",DNA-binding transcription factor
Site,MacArthur North vs Rainbow Reef,DNA repair,OG0002586,Ofaveolata030575,Ssiderea034030,1.41259725,1.28178259,Direct,DNA repair protein,repair protein,DNA Repair
Site,MacArthur North vs Rainbow Reef,DNA repair,OG0012109,Ofaveolata015207,Ssiderea051110,-3.648221,-1.1610611,Direct,Polymerase (DNA directed) iota,DNA-directed DNA polymerase activity,DNA-directed DNA polymerase 
Site,MacArthur North vs Rainbow Reef,Heat shock proteins,OG0003060,Ofaveolata032100,Ssiderea048701,-1.8230288,-1.6532195,Direct,Heat shock 70 kDa protein 12A-like,Heat shock 70 kDa protein 12A-like,HSP 70
Site,MacArthur North vs Rainbow Reef,Heat shock proteins,OG0010995,Ofaveolata007495,Ssiderea044419,1.42846894,1.14821253,Direct,Belongs to the small heat shock protein (HSP20) family,Belongs to the small heat shock protein (HSP20) family,HSP 20
Site,MacArthur North vs Rainbow Reef,Heat shock proteins,OG0006604,Ofaveolata030665,Ssiderea013912,2.98640959,-3.061641,Inverse,heat shock protein binding,regulation of nitrosative stress-induced intrinsic apoptotic signaling pathway,HSP binding
Site,MacArthur North vs Rainbow Reef,Immune response,OG0012143,Ofaveolata002328,Ssiderea012842,8.93181573,-1.018428,Inverse,,Lactose-binding lectin l-2-like,Lactose-binding lectin l-2-like
Site,MacArthur North vs Rainbow Reef,Oxidative stress/antioxidants,OG0000233,Ofaveolata024356,Ssiderea045997,-4.7273998,1.60643462,Inverse,FAD dependent oxidoreductase,FAD dependent oxidoreductase,FAD-dependent oxidoreductase
Site,MacArthur North vs Rainbow Reef,Oxidative stress/antioxidants,OG0006643,Ofaveolata017575,Ssiderea018481,4.87974699,-1.5421573,Inverse,Belongs to the sterol desaturase family,lathosterol oxidase activity,Lathosterol oxidase
Site,MacArthur North vs Rainbow Reef,Ubiquitin-proteasome,OG0011304,Ofaveolata014004,Ssiderea043937,3.47376707,1.09621046,Direct,,protein monoubiquitination,Monoubiquitination
Site,MacArthur North vs Rainbow Reef,Ubiquitin-proteasome,OG0011897,Ofaveolata030404,Ssiderea034168,2.65006367,-1.7803367,Inverse,"F-box and WD repeat domain containing 7, E3 ubiquitin protein ligase","F-box and WD repeat domain containing 7, E3 ubiquitin protein ligase",F-Box And WD Repeat 7
Site,MacArthur North vs Star Island,Heat shock proteins,OG0010995,Ofaveolata007495,Ssiderea044419,1.20963279,1.88242578,Direct,Belongs to the small heat shock protein (HSP20) family,Belongs to the small heat shock protein (HSP20) family,HSP 20
Site,MacArthur North vs Star Island,Immune response,OG0011178,Ofaveolata022633,Ssiderea050130,-2.0092245,-1.1733947,Direct,C-type lectin (CTL) or carbohydrate-recognition domain (CRD),carbohydrate binding,C-type lectin
Site,Rainbow Reef vs Emerald Reef,DNA repair,OG0002175,Ofaveolata003889,Ssiderea030331,-1.0794032,1.12694465,Inverse,DNA-directed 5'-3' RNA polymerase activity,G-protein coupled receptor activity,DNA-directed RNA polymerase
Site,Rainbow Reef vs Emerald Reef,Oxidative stress/antioxidants,OG0000233,Ofaveolata024356,Ssiderea045997,3.47917702,-1.7332038,Inverse,FAD dependent oxidoreductase,FAD dependent oxidoreductase,FAD-dependent oxidoreductase
Site,Rainbow Reef vs Emerald Reef,Ubiquitin-proteasome,OG0000597,Ofaveolata005223,Ssiderea016645,1.83770323,-1.0390047,Inverse,SUMO-specific protease activity,SUMO1 sentrin specific peptidase,SUMO-specific protease
Site,Star Island vs Emerald Reef,DNA repair,OG0003952,Ofaveolata030284,Ssiderea027544,-2.300141,-3.1959408,Direct,regulation of transcription by RNA polymerase II,regulation of transcription by RNA polymerase II,RNA polymerase II regulation
Site,Star Island vs Emerald Reef,Ubiquitin-proteasome,OG0004969,Ofaveolata035960,Ssiderea047263,-1.0345659,-1.9180995,Direct,thiol-dependent ubiquitin-specific protease activity,Glycosyl transferases group 1,Thiol-dependent ubiquitin-specific protease
Site,Star Island vs Rainbow Reef,Oxidative stress/antioxidants,OG0006643,Ofaveolata017575,Ssiderea018481,1.60110776,-1.0642792,Inverse,Belongs to the sterol desaturase family,lathosterol oxidase activity,Lathosterol oxidase 
Treatment,Bleaching,DNA repair,OG0007582,Ofaveolata019911,Ssiderea052255,-3.2299502,-2.6892971,Direct,RNA polymerase II sequence-specific DNA-binding transcription factor binding,RNA polymerase II sequence-specific DNA-binding transcription factor binding,RNA polymerase II DNA-binding transcription factor
Treatment,Bleaching,DNA repair,OG0009765,Ofaveolata008051,Ssiderea009584,2.52210436,-1.1045261,Inverse,"TAF6-like RNA polymerase II, p300 CBP-associated","TAF6-like RNA polymerase II, p300 CBP-associated",TAF6-like RNA polymerase II
Treatment,Bleaching,Heat shock proteins,OG0000365,Ofaveolata032821,Ssiderea053815,2.06359808,1.97236594,Direct,heat shock,heat shock,HSP
Treatment,Bleaching,Heat shock proteins,OG0007881,Ofaveolata007471,Ssiderea044458,3.54628759,2.8758538,Direct,structural constituent of eye lens,Belongs to the small heat shock protein (HSP20) family,HSP 20
Treatment,Bleaching,Heat shock proteins,OG0011499,Ofaveolata002967,Ssiderea013001,-2.3919776,-1.0982215,Direct,Heat shock 70 kDa protein 14,Heat shock 70 kDa protein 14,HSP 70
Treatment,Bleaching,Immune response,OG0003165,Ofaveolata030220,Ssiderea027372,6.44092242,1.09785628,Direct,thioesterase binding,Tnf receptor-associated factor 2,TNF receptor-associated factor 2
Treatment,Bleaching,Immune response,OG0006060,Ofaveolata022112,Ssiderea022925,-1.4441181,-1.5256614,Direct,,TNFR/NGFR cysteine-rich region,TNFR/NGFR cysteine-rich region
Treatment,Bleaching,Other stress-related,OG0006545,Ofaveolata007848,Ssiderea009129,2.21184318,2.09838183,Direct,stress-induced-phosphoprotein 1,Stress-induced-phosphoprotein 1 (Hsp70 Hsp90-organizing protein),Stress-induced-phosphoprotein 1
Treatment,Bleaching,Other stress-related,OG0008952,Ofaveolata022997,Ssiderea014838,1.01980357,16.3447386,Direct,regulation of endoplasmic reticulum stress-induced intrinsic apoptotic signaling pathway,regulation of endoplasmic reticulum stress-induced intrinsic apoptotic signaling pathway,ER stress-induced apoptotic signaling pathway
Treatment,Bleaching,Other stress-related,OG0010700,Ofaveolata029723,Ssiderea023814,-8.2676832,-1.4638525,Direct,,endoplasmic reticulum stress-induced pre-emptive quality control,ER stress-induced pre-emptive quality control
Treatment,Bleaching,Other stress-related,OG0007627,Ofaveolata011375,Ssiderea019309,-1.2729281,4.33501148,Inverse,Universal stress protein family,Universal stress protein family,Universal stress protein family
Treatment,Bleaching,Oxidative stress/antioxidants,OG0002356,Ofaveolata031896,Ssiderea007305,-5.2609217,-3.8610769,Direct,thioredoxin-disulfide reductase activity,thioredoxin-disulfide reductase activity,Thioredoxin-disulfide reductase
Treatment,Bleaching,Oxidative stress/antioxidants,OG0004075,Ofaveolata010918,Ssiderea019927,-8.5346576,-3.3756255,Direct,L-gulonolactone oxidase-like,L-gulonolactone oxidase-like,L-gulonolactone  oxidase
Treatment,Bleaching,Oxidative stress/antioxidants,OG0009244,Ofaveolata023828,Ssiderea041613,6.46819631,1.41703046,Direct,protein-disulfide reductase activity,Thioredoxin domain-containing protein 17,Protein-disulfide reductase 
Treatment,Bleaching,Oxidative stress/antioxidants,OG0010477,Ofaveolata020822,Ssiderea047596,-7.0524708,-8.2672343,Direct,"oxidoreductase activity, oxidizing metal ions with flavin as acceptor","oxidoreductase activity, oxidizing metal ions with flavin as acceptor",Oxidoreductase
Treatment,Bleaching,Oxidative stress/antioxidants,OG0012628,Ofaveolata013818,Ssiderea049064,-4.1238365,-2.2118365,Direct,"Glutathione S-transferase, N-terminal domain","Glutathione S-transferase, N-terminal domain",Glutathione S-transferase
Treatment,Bleaching,Oxidative stress/antioxidants,OG0005250,Ofaveolata029294,Ssiderea033145,7.8573071,-1.6968653,Inverse,Belongs to the oxygen-dependent FAD-linked oxidoreductase family,PFAM FAD linked oxidase domain protein,FAD-linked oxidoreductase
Treatment,Bleaching,Ubiquitin-proteasome,OG0004522,Ofaveolata032820,Ssiderea053812,-5.3323398,-6.9613263,Direct,,ubiquitin binding,Ubiquitin binding
Treatment,Bleaching,Ubiquitin-proteasome,OG0004551,Ofaveolata029233,Ssiderea034377,-1.4894001,-2.089006,Direct,Ubiquitin-conjugating enzyme,Ubiquitin-conjugating enzyme,Ubiquitin-conjugating enzyme
Treatment,Bleaching,Ubiquitin-proteasome,OG0005451,Ofaveolata013725,Ssiderea049211,-1.6451427,-1.0106149,Direct,"Involved in intracellular signal transduction mediated by cytokines and growth factors. When associated with STAM, it suppresses DNA signaling upon stimulation by IL-2 and GM-CSF. Could be a direct effector of PI3-kinase in vesicular pathway via early endosomes and may regulate trafficking to early and late endosomes by recruiting clathrin. May concentrate ubiquitinated receptors within clathrin-coated regions. Involved in down- regulation of receptor tyrosine kinase via multivesicular body (MVBs) when complexed with STAM (ESCRT-0 complex). The ESCRT-0 complex binds ubiquitin and acts as sorting machinery that recognizes ubiquitinated receptors and transfers them to further sequential lysosomal sorting trafficking processes. May contribute to the efficient recruitment of SMADs to the activin receptor complex. Involved in receptor recycling via its association with the CART complex, a multiprotein complex required for efficient transferrin receptor recycling but not for EGFR degradation","Involved in intracellular signal transduction mediated by cytokines and growth factors. When associated with STAM, it suppresses DNA signaling upon stimulation by IL-2 and GM-CSF. Could be a direct effector of PI3-kinase in vesicular pathway via early endosomes and may regulate trafficking to early and late endosomes by recruiting clathrin. May concentrate ubiquitinated receptors within clathrin-coated regions. Involved in down- regulation of receptor tyrosine kinase via multivesicular body (MVBs) when complexed with STAM (ESCRT-0 complex). The ESCRT-0 complex binds ubiquitin and acts as sorting machinery that recognizes ubiquitinated receptors and transfers them to further sequential lysosomal sorting trafficking processes. May contribute to the efficient recruitment of SMADs to the activin receptor complex. Involved in receptor recycling via its association with the CART complex, a multiprotein complex required for efficient transferrin receptor recycling but not for EGFR degradation",Cytokine-mediated Intracellular signal transduction
Treatment,Bleaching,Ubiquitin-proteasome,OG0007712,Ofaveolata016273,Ssiderea052692,-5.7105923,-3.4914908,Direct,26s proteasome non-ATPase regulatory subunit,26s proteasome non-ATPase regulatory subunit,26S proteasome non-ATPase regulatory subunit
Treatment,Bleaching,Ubiquitin-proteasome,OG0009651,Ofaveolata024088,Ssiderea005472,-1.4540682,-4.1854313,Direct,protein ubiquitination,protein ubiquitination,Protein ubiquitination
Treatment,Bleaching,Ubiquitin-proteasome,OG0011383,Ofaveolata022371,Ssiderea023254,-1.1081106,-1.1270742,Direct,proteasome maturation,proteasome maturation,Proteasome maturation
Treatment,Bleaching,Ubiquitin-proteasome,OG0012284,Ofaveolata003863,Ssiderea030387,1.09433391,1.06064577,Direct,protein polyubiquitination,protein polyubiquitination,Protein polyubiquitination
Treatment,Bleaching,Ubiquitin-proteasome,OG0012573,Ofaveolata030138,Ssiderea054218,-5.5497817,-1.1245161,Direct,Ubiquitin carboxyl-terminal hydrolase,Ubiquitin carboxyl-terminal hydrolase,Ubiquitin carboxyl-hydrolase
Treatment,Bleaching vs OA,DNA repair,OG0000709,Ofaveolata008471,Ssiderea040156,2.07567871,1.35989358,Direct,Poly (ADP-ribose) polymerase,poly ADP-ribose polymerase,Poly (ADP-ribose) polymerase
Treatment,Bleaching vs OA,DNA repair,OG0006344,Ofaveolata014923,Ssiderea003932,-5.5938412,-1.9662291,Direct,pri-miRNA transcription by RNA polymerase II,pri-miRNA transcription by RNA polymerase II,Pri-miRNA transcription by RNA polymerase II
Treatment,Bleaching vs OA,DNA repair,OG0007582,Ofaveolata019911,Ssiderea052255,-3.7477765,-3.5547004,Direct,RNA polymerase II sequence-specific DNA-binding transcription factor binding,RNA polymerase II sequence-specific DNA-binding transcription factor binding,RNA polymerase II DNA-binding transcription factor
Treatment,Bleaching vs OA,DNA repair,OG0012794,Ofaveolata007988,Ssiderea009471,-1.1426883,-3.3990579,Direct,transcription by RNA polymerase III,transcription by RNA polymerase III,Transcription by RNA polymerase III
Treatment,Bleaching vs OA,DNA repair,OG0000721,Ofaveolata007413,Ssiderea025940,1.52820419,-1.7260948,Inverse,"proximal promoter DNA-binding transcription activator activity, RNA polymerase II-specific",,RNA polymerase II DNA-binding transcription activator
Treatment,Bleaching vs OA,DNA repair,OG0012915,Ofaveolata022352,Ssiderea023226,1.66323647,-1.5011806,Inverse,RNA polymerase I transcription factor binding,RNA polymerase I transcription factor binding,RNA polymerase I transcription factor binding
Treatment,Bleaching vs OA,Heat shock proteins,OG0011499,Ofaveolata002967,Ssiderea013001,-1.6249449,-1.1603925,Direct,Heat shock 70 kDa protein 14,Heat shock 70 kDa protein 14,HSP 70
Treatment,Bleaching vs OA,Immune response,OG0003165,Ofaveolata030220,Ssiderea027372,19.639681,2.49031282,Direct,thioesterase binding,Tnf receptor-associated factor 2,TNF receptor-associated factor 2
Treatment,Bleaching vs OA,Immune response,OG0004061,Ofaveolata033070,Ssiderea026122,1.41020375,1.08980881,Direct,,TNFAIP3 interacting protein 1,TNFAIP3 interacting protein 1
Treatment,Bleaching vs OA,Immune response,OG0006169,Ofaveolata000449,Ssiderea029661,-34.702724,-2.8525696,Direct,Lactose-binding lectin l-2-like,structural constituent of cell wall,Lactose-binding lectin l-2-like
Treatment,Bleaching vs OA,Immune response,OG0010192,Ofaveolata028699,Ssiderea042800,-1.3368711,-3.37382,Direct,T cell proliferation involved in immune response,T cell proliferation involved in immune response,T cell proliferation
Treatment,Bleaching vs OA,Immune response,OG0010422,Ofaveolata017340,Ssiderea046675,3.69911728,2.94318405,Direct,TNF(Tumour Necrosis Factor) family,TNF(Tumour Necrosis Factor) family,TNF (Tumour Necrosis Factor) 
Treatment,Bleaching vs OA,Immune response,OG0002148,Ofaveolata007390,Ssiderea044697,-1.7478232,1.34940305,Inverse,Carbonic anhydrase,Eukaryotic-type carbonic anhydrase,Carbonic anhydrase
Treatment,Bleaching vs OA,Immune response,OG0002150,Ofaveolata020701,Ssiderea012426,3.3788772,-2.3781221,Inverse,tolloid-like,Tolloid-like protein 2,Tolloid-like protein 2
Treatment,Bleaching vs OA,Other stress-related,OG0006545,Ofaveolata007848,Ssiderea009129,3.33058976,1.58534709,Direct,stress-induced-phosphoprotein 1,Stress-induced-phosphoprotein 1 (Hsp70 Hsp90-organizing protein),Stress-induced-phosphoprotein 1
Treatment,Bleaching vs OA,Other stress-related,OG0008952,Ofaveolata022997,Ssiderea014838,3.89455501,7.05635472,Direct,regulation of endoplasmic reticulum stress-induced intrinsic apoptotic signaling pathway,regulation of endoplasmic reticulum stress-induced intrinsic apoptotic signaling pathway,ER stress-induced apoptotic signaling pathway
Treatment,Bleaching vs OA,Other stress-related,OG0009840,Ofaveolata001477,Ssiderea043692,-1.1854944,-1.2273053,Direct,stress-activated protein kinase signaling cascade,stress-activated protein kinase signaling cascade,Stress-activated protein kinase signaling cascade
Treatment,Bleaching vs OA,Other stress-related,OG0010700,Ofaveolata029723,Ssiderea023814,-4.1864854,-3.4278767,Direct,,endoplasmic reticulum stress-induced pre-emptive quality control,ER stress-induced pre-emptive quality control
Treatment,Bleaching vs OA,Other stress-related,OG0012926,Ofaveolata027337,Ssiderea042192,-1.2695367,-1.3298081,Direct,Universal stress protein family,Universal stress protein family,Universal stress protein family
Treatment,Bleaching vs OA,Oxidative stress/antioxidants,OG0002356,Ofaveolata031896,Ssiderea007305,-8.7090395,-3.6039653,Direct,thioredoxin-disulfide reductase activity,thioredoxin-disulfide reductase activity,Thioredoxin-disulfide reductase
Treatment,Bleaching vs OA,Oxidative stress/antioxidants,OG0004075,Ofaveolata010918,Ssiderea019927,-5.3106249,-2.5277715,Direct,L-gulonolactone oxidase-like,L-gulonolactone oxidase-like,L-gulonolactone oxidase-like
Treatment,Bleaching vs OA,Oxidative stress/antioxidants,OG0005065,Ofaveolata024646,Ssiderea017215,-2.1807652,-1.5623453,Direct,Pyridine nucleotide-disulfide oxidoreductase domain-containing protein,Pyridine nucleotide-disulfide oxidoreductase domain-containing protein,Pyridine nucleotide-disulfide oxidoreductase
Treatment,Bleaching vs OA,Oxidative stress/antioxidants,OG0007547,Ofaveolata007309,Ssiderea058218,-1.3359882,-4.8614001,Direct,cytochrome C oxidase,cytochrome C oxidase,Cytochrome C oxidase
Treatment,Bleaching vs OA,Oxidative stress/antioxidants,OG0010477,Ofaveolata020822,Ssiderea047596,-3.2062383,-11.895059,Direct,"oxidoreductase activity, oxidizing metal ions with flavin as acceptor","oxidoreductase activity, oxidizing metal ions with flavin as acceptor",Oxidoreductase
Treatment,Bleaching vs OA,Oxidative stress/antioxidants,OG0010857,Ofaveolata031651,Ssiderea006846,-5.4381187,-2.3036082,Direct,Glutaredoxin,protein disulfide oxidoreductase activity,Glutaredoxin
Treatment,Bleaching vs OA,Oxidative stress/antioxidants,OG0013007,Ofaveolata028888,Ssiderea014322,-2.1578051,-1.1146379,Direct,PFAM Thioredoxin,PITH domain,PFAM thioredoxin
Treatment,Bleaching vs OA,Oxidative stress/antioxidants,OG0000221,Ofaveolata027885,Ssiderea050737,-1.0463645,1.29986431,Inverse,glutathione hydrolase activity,glutathione hydrolase activity,Glutathione hydrolase 
Treatment,Bleaching vs OA,Oxidative stress/antioxidants,OG0000402,Ofaveolata009835,Ssiderea051714,1.78186662,-2.241864,Inverse,"Glutathione S-transferase, C-terminal domain",transferase activity,Glutathione S-transferase
Treatment,Bleaching vs OA,Oxidative stress/antioxidants,OG0006825,Ofaveolata010286,Ssiderea045168,-1.7289804,1.40900895,Inverse,oxidoreductase activity,oxidoreductase activity,Oxidoreductase
Treatment,Bleaching vs OA,Oxidative stress/antioxidants,OG0009476,Ofaveolata002854,Ssiderea013482,-3.1876108,1.64899948,Inverse,glutathione hydrolase activity,glutathione hydrolase activity,Glutathione hydrolase 
Treatment,Bleaching vs OA,Oxidative stress/antioxidants,OG0010088,Ofaveolata003563,Ssiderea046269,1.4355392,-2.7562073,Inverse,Glutathione S-transferase kappa,Glutathione S-transferase kappa,Glutathione S-transferase
Treatment,Bleaching vs OA,Ubiquitin-proteasome,OG0002710,Ofaveolata023144,Ssiderea014675,8.29431942,2.53950545,Direct,Ubiquitin homologues,Ubiquitin homologues,Ubiquitin homologues
Treatment,Bleaching vs OA,Ubiquitin-proteasome,OG0002744,Ofaveolata005743,Ssiderea045482,2.5547095,1.42750223,Direct,,protein polyubiquitination,Protein polyubiquitination
Treatment,Bleaching vs OA,Ubiquitin-proteasome,OG0004522,Ofaveolata032820,Ssiderea053812,-7.0409642,-3.6882606,Direct,,ubiquitin binding,Ubiquitin binding
Treatment,Bleaching vs OA,Ubiquitin-proteasome,OG0004995,Ofaveolata032658,Ssiderea052004,-1.0501818,-1.5549114,Direct,26s proteasome non-ATPase regulatory subunit,26s proteasome non-ATPase regulatory subunit,26S proteasome non-ATPase regulatory subunit
Treatment,Bleaching vs OA,Ubiquitin-proteasome,OG0006383,Ofaveolata002236,Ssiderea012731,-1.9410759,-3.6815323,Direct,26S proteasome non-ATPase regulatory subunit,26S proteasome non-ATPase regulatory subunit,26S proteasome non-ATPase regulatory subunit
Treatment,Bleaching vs OA,Ubiquitin-proteasome,OG0007712,Ofaveolata016273,Ssiderea052692,-3.9910868,-5.0432627,Direct,26s proteasome non-ATPase regulatory subunit,26s proteasome non-ATPase regulatory subunit,26S proteasome non-ATPase regulatory subunit
Treatment,Bleaching vs OA,Ubiquitin-proteasome,OG0008743,Ofaveolata019003,Ssiderea001880,-1.9344861,-2.0179458,Direct,proteasome-activating ATPase activity,proteasome-activating ATPase activity,Proteasome-activating ATPase
Treatment,Bleaching vs OA,Ubiquitin-proteasome,OG0011087,Ofaveolata027836,Ssiderea035425,-1.9644604,-1.8626797,Direct,protein autoubiquitination,protein autoubiquitination,Protein autoubiquitination
Treatment,Bleaching vs OA,Ubiquitin-proteasome,OG0011388,Ofaveolata009933,Ssiderea036120,-2.3668128,-2.7995977,Direct,Lys63-specific deubiquitinase activity,Lys63-specific deubiquitinase activity,Lys63-specific deubiquitinase
Treatment,Bleaching vs OA,Ubiquitin-proteasome,OG0012573,Ofaveolata030138,Ssiderea054218,-3.0082683,-4.1444269,Direct,Ubiquitin carboxyl-terminal hydrolase,Ubiquitin carboxyl-terminal hydrolase,Ubiquitin carboxyl-terminal hydrolase
Treatment,Bleaching vs OA,Ubiquitin-proteasome,OG0000086,Ofaveolata035275,Ssiderea59608,1.91472285,-1.1004171,Inverse,protein K33-linked ubiquitination,Kelch-like protein 12,Protein K33-linked ubiquitination
Treatment,Bleaching vs OA,Ubiquitin-proteasome,OG0008764,Ofaveolata027309,Ssiderea025440,1.39174194,-1.0430188,Inverse,ubiquitin-like protein-specific protease activity,ubiquitin-like protein-specific protease activity,Ubiquitin-specific protease
Treatment,Bleaching vs OA,Ubiquitin-proteasome,OG0012306,Ofaveolata030975,Ssiderea051965,1.06857414,-1.2055606,Inverse,protein K63-linked deubiquitination,protein K63-linked deubiquitination,Protein K63-linked deubiquitination
Treatment,OA,Other stress-related,OG0007627,Ofaveolata011375,Ssiderea019309,-2.5027183,1.21814289,Inverse,Universal stress protein family,Universal stress protein family,Universal stress protein family
Treatment,OA + Bleaching vs OA,Apoptosis/cell death,OG0009656,Ofaveolata024713,Ssiderea016961,-1.7472382,1.52967779,Inverse,TBC LysM-associated domain containing 1,negative regulation of oxidative stress-induced neuron death,TBC LysM-associated domain
Treatment,OA + Bleaching vs OA,Apoptosis/cell death,OG0010894,Ofaveolata001227,Ssiderea029275,-1.7735455,6.77785961,Inverse,positive regulation of glomerular metanephric mesangial cell proliferation,"Transcriptional regulator. Recognizes and binds to the DNA sequence 5'-GCG(T G)GGGCG-3'(EGR-site) in the promoter region of target genes. Binds double-stranded target DNA, irrespective of the cytosine methylation status. Regulates the transcription of numerous target genes, and thereby plays an important role in regulating the response to growth factors, DNA damage, and ischemia. Plays a role in the regulation of cell survival, proliferation and cell death",Cell death transcriptional regulator
Treatment,OA + Bleaching vs OA,DNA repair,OG0006344,Ofaveolata014923,Ssiderea003932,-3.9539803,-3.0228183,Direct,pri-miRNA transcription by RNA polymerase II,pri-miRNA transcription by RNA polymerase II,Pri-miRNA transcription by RNA polymerase II
Treatment,OA + Bleaching vs OA,DNA repair,OG0007582,Ofaveolata019911,Ssiderea052255,-3.7481497,-3.5135994,Direct,RNA polymerase II sequence-specific DNA-binding transcription factor binding,RNA polymerase II sequence-specific DNA-binding transcription factor binding,RNA polymerase II DNA-binding transcription factor
Treatment,OA + Bleaching vs OA,DNA repair,OG0009765,Ofaveolata008051,Ssiderea009584,1.35289703,-2.4776527,Inverse,"TAF6-like RNA polymerase II, p300 CBP-associated","TAF6-like RNA polymerase II, p300 CBP-associated",TAF6-like RNA polymerase II
Treatment,OA + Bleaching vs OA,DNA repair,OG0011744,Ofaveolata022598,Ssiderea015270,1.75840059,-1.7593217,Inverse,transcription initiation from RNA polymerase III promoter,transcription initiation from RNA polymerase III promoter,RNA polymerase III promoter
Treatment,OA + Bleaching vs OA,DNA repair,OG0012915,Ofaveolata022352,Ssiderea023226,2.19311045,-3.4120441,Inverse,RNA polymerase I transcription factor binding,RNA polymerase I transcription factor binding,RNA polymerase I transcription factor
Treatment,OA + Bleaching vs OA,Immune response,OG0002897,Ofaveolata030219,Ssiderea027371,2.06751852,1.74229177,Direct,TNF receptor-associated factor,Tnf receptor-associated factor 2,TNF receptor-associated factor
Treatment,OA + Bleaching vs OA,Immune response,OG0003165,Ofaveolata030220,Ssiderea027372,15.6204656,2.77510005,Direct,thioesterase binding,Tnf receptor-associated factor 2,Thioesterase binding
Treatment,OA + Bleaching vs OA,Immune response,OG0006169,Ofaveolata000449,Ssiderea029661,-24.059768,-1.2334451,Direct,Lactose-binding lectin l-2-like,structural constituent of cell wall,Lactose-binding lectin l-2-like
Treatment,OA + Bleaching vs OA,Immune response,OG0010422,Ofaveolata017340,Ssiderea046675,1.42785642,1.46438509,Direct,TNF(Tumour Necrosis Factor) family,TNF(Tumour Necrosis Factor) family,TNF(Tumour Necrosis Factor) family
Treatment,OA + Bleaching vs OA,Immune response,OG0002150,Ofaveolata020701,Ssiderea012426,3.10228708,-2.7502635,Inverse,tolloid-like,Tolloid-like protein 2,Tolloid-like protein 2
Treatment,OA + Bleaching vs OA,Immune response,OG0003245,Ofaveolata026641,Ssiderea017631,-5.0125605,1.42154606,Inverse,,tolloid-like protein 2,Tolloid-like protein 2
Treatment,OA + Bleaching vs OA,Immune response,OG0006034,Ofaveolata022899,Ssiderea014967,-7.4387722,1.37538547,Inverse,,C-type lectin (CTL) or carbohydrate-recognition domain (CRD),C-type lectin
Treatment,OA + Bleaching vs OA,Other stress-related,OG0008952,Ofaveolata022997,Ssiderea014838,4.90071381,5.91866582,Direct,regulation of endoplasmic reticulum stress-induced intrinsic apoptotic signaling pathway,regulation of endoplasmic reticulum stress-induced intrinsic apoptotic signaling pathway,ER stress-induced apoptotic signaling pathway
Treatment,OA + Bleaching vs OA,Other stress-related,OG0010700,Ofaveolata029723,Ssiderea023814,-3.5763758,-3.2654458,Direct,,endoplasmic reticulum stress-induced pre-emptive quality control,ER stress-induced pre-emptive quality control
Treatment,OA + Bleaching vs OA,Oxidative stress/antioxidants,OG0001597,Ofaveolata005747,Ssiderea047725,3.84864811,1.07270215,Direct,Amine oxidase flavin-containing,Amine oxidase flavin-containing,Amine oxidase (flavin-containing)
Treatment,OA + Bleaching vs OA,Oxidative stress/antioxidants,OG0002356,Ofaveolata031896,Ssiderea007305,-7.6058518,-4.8226749,Direct,thioredoxin-disulfide reductase activity,thioredoxin-disulfide reductase activity,Thioredoxin-disulfide reductase
Treatment,OA + Bleaching vs OA,Oxidative stress/antioxidants,OG0004075,Ofaveolata010918,Ssiderea019927,-2.7479157,-4.5968971,Direct,L-gulonolactone oxidase-like,L-gulonolactone oxidase-like,L-gulonolactone oxidase-like
Treatment,OA + Bleaching vs OA,Oxidative stress/antioxidants,OG0004786,Ofaveolata003122,Ssiderea024610,-4.5257479,-1.6566301,Direct,peptide-methionine (S)-S-oxide reductase activity,Thioredoxin,Peptide-methionine (S)-S-oxide reductase 
Treatment,OA + Bleaching vs OA,Oxidative stress/antioxidants,OG0005065,Ofaveolata024646,Ssiderea017215,-1.3295444,-1.6079105,Direct,Pyridine nucleotide-disulfide oxidoreductase domain-containing protein,Pyridine nucleotide-disulfide oxidoreductase domain-containing protein,Pyridine nucleotide-disulfide oxidoreductase
Treatment,OA + Bleaching vs OA,Oxidative stress/antioxidants,OG0010477,Ofaveolata020822,Ssiderea047596,-2.4932698,-16.937997,Direct,"oxidoreductase activity, oxidizing metal ions with flavin as acceptor","oxidoreductase activity, oxidizing metal ions with flavin as acceptor",Oxidoreductase
Treatment,OA + Bleaching vs OA,Oxidative stress/antioxidants,OG0010857,Ofaveolata031651,Ssiderea006846,-6.5770483,-3.2224994,Direct,Glutaredoxin,protein disulfide oxidoreductase activity,Glutaredoxin
Treatment,OA + Bleaching vs OA,Oxidative stress/antioxidants,OG0012628,Ofaveolata013818,Ssiderea049064,-1.5957835,-6.7036851,Direct,"Glutathione S-transferase, N-terminal domain","Glutathione S-transferase, N-terminal domain",Glutathione S-transferase
Treatment,OA + Bleaching vs OA,Oxidative stress/antioxidants,OG0013007,Ofaveolata028888,Ssiderea014322,-1.8553154,-1.4150957,Direct,PFAM Thioredoxin,PITH domain,PFAM Thioredoxin
Treatment,OA + Bleaching vs OA,Oxidative stress/antioxidants,OG0000221,Ofaveolata027885,Ssiderea050737,-1.0867432,1.61212465,Inverse,glutathione hydrolase activity,glutathione hydrolase activity,Glutathione hydrolase
Treatment,OA + Bleaching vs OA,Oxidative stress/antioxidants,OG0000402,Ofaveolata009835,Ssiderea051714,1.05089586,-3.0316371,Inverse,"Glutathione S-transferase, C-terminal domain",transferase activity,Glutathione S-Transferase
Treatment,OA + Bleaching vs OA,Oxidative stress/antioxidants,OG0006521,Ofaveolata005829,Ssiderea045771,2.63817704,-1.5296778,Inverse,oxidoreductase activity,oxidoreductase activity,Oxidoreductase
Treatment,OA + Bleaching vs OA,Oxidative stress/antioxidants,OG0006639,Ofaveolata027060,Ssiderea042234,-1.5107237,1.79191989,Inverse,protein disulfide oxidoreductase activity. It is involved in the biological process described with,"over those bearing complex type oligosaccharides. Can recognize misfolded proteins in the endoplasmic reticulum that are exported to the cytosol to be destroyed and deglycosylate them, while it has no activity toward native proteins. Deglycosylation is a prerequisite for subsequent proteasome-mediated degradation of some, but not all, misfolded glycoproteins. Also displays oxidoreductase (thioredoxin) activity",Disulfide oxidoreductase
Treatment,OA + Bleaching vs OA,Oxidative stress/antioxidants,OG0009476,Ofaveolata002854,Ssiderea013482,-3.2236176,2.00942637,Inverse,glutathione hydrolase activity,glutathione hydrolase activity,Glutathione hydrolase 
Treatment,OA + Bleaching vs OA,Ubiquitin-proteasome,OG0002710,Ofaveolata023144,Ssiderea014675,5.11653414,3.02822338,Direct,Ubiquitin homologues,Ubiquitin homologues,Ubiquitin homologues
Treatment,OA + Bleaching vs OA,Ubiquitin-proteasome,OG0002744,Ofaveolata005743,Ssiderea045482,1.44823606,1.55817468,Direct,,protein polyubiquitination,Protein polyubiquitination
Treatment,OA + Bleaching vs OA,Ubiquitin-proteasome,OG0004522,Ofaveolata032820,Ssiderea053812,-4.7335792,-2.5234295,Direct,,ubiquitin binding,Ubiquitin binding
Treatment,OA + Bleaching vs OA,Ubiquitin-proteasome,OG0004995,Ofaveolata032658,Ssiderea052004,-1.0222195,-4.1151662,Direct,26s proteasome non-ATPase regulatory subunit,26s proteasome non-ATPase regulatory subunit,26S proteasome non-ATPase regulatory subunit
Treatment,OA + Bleaching vs OA,Ubiquitin-proteasome,OG0007712,Ofaveolata016273,Ssiderea052692,-3.2319316,-9.5955911,Direct,26s proteasome non-ATPase regulatory subunit,26s proteasome non-ATPase regulatory subunit,26S proteasome non-ATPase regulatory subunit
Treatment,OA + Bleaching vs OA,Ubiquitin-proteasome,OG0008743,Ofaveolata019003,Ssiderea001880,-2.2287499,-4.5596655,Direct,proteasome-activating ATPase activity,proteasome-activating ATPase activity,Proteasome-activating ATPase 
Treatment,OA + Bleaching vs OA,Ubiquitin-proteasome,OG0011388,Ofaveolata009933,Ssiderea036120,-3.8245073,-6.5547242,Direct,Lys63-specific deubiquitinase activity,Lys63-specific deubiquitinase activity,Lys63-specific deubiquitinase
Treatment,OA + Bleaching vs OA,Ubiquitin-proteasome,OG0011896,Ofaveolata007066,Ssiderea028275,1.42865049,1.42603474,Direct,E3 ubiquitin-protein ligase RNF216,E3 ubiquitin-protein ligase RNF216,E3 ubiquitin-protein ligase RNF216
Treatment,OA + Bleaching vs OA,Ubiquitin-proteasome,OG0012573,Ofaveolata030138,Ssiderea054218,-1.5517996,-6.6402084,Direct,Ubiquitin carboxyl-terminal hydrolase,Ubiquitin carboxyl-terminal hydrolase,Ubiquitin carboxyl-terminal hydrolase
Treatment,OA + Bleaching vs OA,Ubiquitin-proteasome,OG0012914,Ofaveolata017124,Ssiderea052660,1.15230546,1.54996107,Direct,SCF-dependent proteasomal ubiquitin-dependent protein catabolic process,SCF-dependent proteasomal ubiquitin-dependent protein catabolic process,Ubiquitin-dependent protein catabolic process
Treatment,OA + Bleaching vs OA,Ubiquitin-proteasome,OG0003915,Ofaveolata007210,Ssiderea009883,-1.2099867,1.2710336,Inverse,Putative zinc finger in N-recognin (UBR box),e3 ubiquitin-protein ligase,Ubiquitin-protein ligase E3
Treatment,OA+ Bleaching,DNA repair,OG0006543,Ofaveolata027959,Ssiderea042116,-1.6779363,-1.010326,Direct,"DNA-directed RNA polymerase activity. It is involved in the biological process described with transcription, DNA-templated","DNA-directed RNA polymerases I, II, and III subunit",DNA-directed RNA polymerase
Treatment,OA+ Bleaching,DNA repair,OG0007582,Ofaveolata019911,Ssiderea052255,-3.2681086,-2.6194747,Direct,RNA polymerase II sequence-specific DNA-binding transcription factor binding,RNA polymerase II sequence-specific DNA-binding transcription factor binding,RNA polymerase II DNA-binding transcription factor
Treatment,OA+ Bleaching,DNA repair,OG0009765,Ofaveolata008051,Ssiderea009584,3.97523283,-2.3474461,Inverse,"TAF6-like RNA polymerase II, p300 CBP-associated","TAF6-like RNA polymerase II, p300 CBP-associated",TAF6-like RNA polymerase II
Treatment,OA+ Bleaching,Heat shock proteins,OG0000365,Ofaveolata032821,Ssiderea053815,3.01942346,1.40200972,Direct,heat shock,heat shock,HSP
Treatment,OA+ Bleaching,Heat shock proteins,OG0007881,Ofaveolata007471,Ssiderea044458,2.41552199,2.12622202,Direct,structural constituent of eye lens,Belongs to the small heat shock protein (HSP20) family,HSP 20
Treatment,OA+ Bleaching,Heat shock proteins,OG0011499,Ofaveolata002967,Ssiderea013001,-1.1356862,-1.0376373,Direct,Heat shock 70 kDa protein 14,Heat shock 70 kDa protein 14,HSP 70
Treatment,OA+ Bleaching,Immune response,OG0003165,Ofaveolata030220,Ssiderea027372,4.61457292,1.30237446,Direct,thioesterase binding,Tnf receptor-associated factor 2,TNF receptor-associated factor 2
Treatment,OA+ Bleaching,Immune response,OG0000877,Ofaveolata002189,Ssiderea012592,-1.7562173,2.10166187,Inverse,glutamic-type peptidase activity,glutamic-type peptidase activity,Glutamic-type peptidase
Treatment,OA+ Bleaching,Other stress-related,OG0008952,Ofaveolata022997,Ssiderea014838,1.62417072,14.6434598,Direct,regulation of endoplasmic reticulum stress-induced intrinsic apoptotic signaling pathway,regulation of endoplasmic reticulum stress-induced intrinsic apoptotic signaling pathway,ER stress-induced apoptotic signaling pathway
Treatment,OA+ Bleaching,Other stress-related,OG0010700,Ofaveolata029723,Ssiderea023814,-7.1991563,-1.340995,Direct,,endoplasmic reticulum stress-induced pre-emptive quality control,ER stress-induced pre-emptive quality control
Treatment,OA+ Bleaching,Other stress-related,OG0007627,Ofaveolata011375,Ssiderea019309,-4.2433977,4.98870776,Inverse,Universal stress protein family,Universal stress protein family,Universal stress protein family
Treatment,OA+ Bleaching,Oxidative stress/antioxidants,OG0002356,Ofaveolata031896,Ssiderea007305,-4.5492904,-5.1481581,Direct,thioredoxin-disulfide reductase activity,thioredoxin-disulfide reductase activity,Thioredoxin-disulfide reductase
Treatment,OA+ Bleaching,Oxidative stress/antioxidants,OG0004075,Ofaveolata010918,Ssiderea019927,-5.1379805,-5.6480458,Direct,L-gulonolactone oxidase-like,L-gulonolactone oxidase-like,L-gulonolactone oxidase-like
Treatment,OA+ Bleaching,Oxidative stress/antioxidants,OG0009244,Ofaveolata023828,Ssiderea041613,4.29870159,2.05244627,Direct,protein-disulfide reductase activity,Thioredoxin domain-containing protein 17,Potein-disulfide reductase 
Treatment,OA+ Bleaching,Oxidative stress/antioxidants,OG0010477,Ofaveolata020822,Ssiderea047596,-5.8017558,-12.451983,Direct,"oxidoreductase activity, oxidizing metal ions with flavin as acceptor","oxidoreductase activity, oxidizing metal ions with flavin as acceptor",Oxidoreductase
Treatment,OA+ Bleaching,Oxidative stress/antioxidants,OG0010857,Ofaveolata031651,Ssiderea006846,-4.9531388,-1.2329095,Direct,Glutaredoxin,protein disulfide oxidoreductase activity,Glutaredoxin
Treatment,OA+ Bleaching,Oxidative stress/antioxidants,OG0012628,Ofaveolata013818,Ssiderea049064,-6.9626174,-6.622463,Direct,"Glutathione S-transferase, N-terminal domain","Glutathione S-transferase, N-terminal domain",Glutathione S-transferase
Treatment,OA+ Bleaching,Oxidative stress/antioxidants,OG0002306,Ofaveolata027302,Ssiderea029478,-4.4493612,1.01241226,Inverse,protein-disulfide reductase (glutathione) activity,protein-disulfide reductase (glutathione) activity,Protein-disulfide reductase (glutathione)
Treatment,OA+ Bleaching,Ubiquitin-proteasome,OG0004037,Ofaveolata028325,Ssiderea042495,-1.434011,-1.6586168,Direct,ubiquitin-like protein-specific protease activity,ubiquitin-like protein-specific protease activity,Ubiquitin-like protein-specific protease
Treatment,OA+ Bleaching,Ubiquitin-proteasome,OG0004522,Ofaveolata032820,Ssiderea053812,-3.5140227,-5.1942543,Direct,,ubiquitin binding,Ubiquitin binding
Treatment,OA+ Bleaching,Ubiquitin-proteasome,OG0004995,Ofaveolata032658,Ssiderea052004,-4.4174266,-1.8597243,Direct,26s proteasome non-ATPase regulatory subunit,26s proteasome non-ATPase regulatory subunit,26S proteasome non-ATPase regulatory subunit
Treatment,OA+ Bleaching,Ubiquitin-proteasome,OG0005451,Ofaveolata013725,Ssiderea049211,-1.0969628,-1.2474517,Direct,"Involved in intracellular signal transduction mediated by cytokines and growth factors. When associated with STAM, it suppresses DNA signaling upon stimulation by IL-2 and GM-CSF. Could be a direct effector of PI3-kinase in vesicular pathway via early endosomes and may regulate trafficking to early and late endosomes by recruiting clathrin. May concentrate ubiquitinated receptors within clathrin-coated regions. Involved in down- regulation of receptor tyrosine kinase via multivesicular body (MVBs) when complexed with STAM (ESCRT-0 complex). The ESCRT-0 complex binds ubiquitin and acts as sorting machinery that recognizes ubiquitinated receptors and transfers them to further sequential lysosomal sorting trafficking processes. May contribute to the efficient recruitment of SMADs to the activin receptor complex. Involved in receptor recycling via its association with the CART complex, a multiprotein complex required for efficient transferrin receptor recycling but not for EGFR degradation","Involved in intracellular signal transduction mediated by cytokines and growth factors. When associated with STAM, it suppresses DNA signaling upon stimulation by IL-2 and GM-CSF. Could be a direct effector of PI3-kinase in vesicular pathway via early endosomes and may regulate trafficking to early and late endosomes by recruiting clathrin. May concentrate ubiquitinated receptors within clathrin-coated regions. Involved in down- regulation of receptor tyrosine kinase via multivesicular body (MVBs) when complexed with STAM (ESCRT-0 complex). The ESCRT-0 complex binds ubiquitin and acts as sorting machinery that recognizes ubiquitinated receptors and transfers them to further sequential lysosomal sorting trafficking processes. May contribute to the efficient recruitment of SMADs to the activin receptor complex. Involved in receptor recycling via its association with the CART complex, a multiprotein complex required for efficient transferrin receptor recycling but not for EGFR degradation",Cytokine-mediated Intracellular signal transduction
Treatment,OA+ Bleaching,Ubiquitin-proteasome,OG0006383,Ofaveolata002236,Ssiderea012731,-1.125981,-1.7808453,Direct,26S proteasome non-ATPase regulatory subunit,26S proteasome non-ATPase regulatory subunit,26S proteasome non-ATPase regulatory subunit
Treatment,OA+ Bleaching,Ubiquitin-proteasome,OG0007712,Ofaveolata016273,Ssiderea052692,-4.7352473,-7.4546884,Direct,26s proteasome non-ATPase regulatory subunit,26s proteasome non-ATPase regulatory subunit,26S proteasome non-ATPase regulatory subunit
Treatment,OA+ Bleaching,Ubiquitin-proteasome,OG0008312,Ofaveolata016454,Ssiderea036522,3.81185843,1.12496472,Direct,protein ubiquitination,protein ubiquitination,Protein ubiquitination
Treatment,OA+ Bleaching,Ubiquitin-proteasome,OG0008743,Ofaveolata019003,Ssiderea001880,-3.935389,-2.3651875,Direct,proteasome-activating ATPase activity,proteasome-activating ATPase activity,Proteasome-activating ATPase 
Treatment,OA+ Bleaching,Ubiquitin-proteasome,OG0010191,Ofaveolata007841,Ssiderea009135,-1.1082789,-3.2443922,Direct,proteasome assembly,proteasome assembly,Proteasome assembly
Treatment,OA+ Bleaching,Ubiquitin-proteasome,OG0011388,Ofaveolata009933,Ssiderea036120,-5.7666476,-2.4613472,Direct,Lys63-specific deubiquitinase activity,Lys63-specific deubiquitinase activity,Lys63-specific deubiquitinase
Treatment,OA+ Bleaching,Ubiquitin-proteasome,OG0012284,Ofaveolata003863,Ssiderea030387,1.38079714,1.15453306,Direct,protein polyubiquitination,protein polyubiquitination,Protein polyubiquitination
Treatment,OA+ Bleaching,Ubiquitin-proteasome,OG0012573,Ofaveolata030138,Ssiderea054218,-3.4580141,-2.5418723,Direct,Ubiquitin carboxyl-terminal hydrolase,Ubiquitin carboxyl-terminal hydrolase,Ubiquitin carboxyl-terminal hydrolase