"row_label","comparison","gene","lpv.LC_CC","lpv.CH_CC","annot","KOG","lpv_x","lpv_y","rel_class","abs_x","abs_y","delta_log10p","p_x","p_y","p_ratio","x_axis_name","y_axis_name","x_col","y_col","filter_type","relationship_category","discord_direction","delta_cut_used","high_cut_used","low_cut_used","ratio_cut_used","lpv.LH_CC"
"Bleaching vs OA_1","Bleaching vs OA","Ssiderea003526",1.30691080116163,-1.31792696245446,"-","",1.30691080116163,-1.31792696245446,"Inverse",1.30691080116163,1.31792696245446,0.0110161612928252,0.0493275106297309,0.0480920220485959,1.02569009429228,"OA","Bleaching","lpv.LC_CC","lpv.CH_CC","inverse","Inverse",NA,NA,NA,NA,NA,NA
"Bleaching vs OA_2","Bleaching vs OA","Ssiderea004864",-1.59877037389996,2.87379248753139,NA,NA,-1.59877037389996,2.87379248753139,"Inverse",1.59877037389996,2.87379248753139,1.27502211363142,0.0251900846021437,0.0013372343146909,18.837450045519,"OA","Bleaching","lpv.LC_CC","lpv.CH_CC","inverse","Inverse",NA,NA,NA,NA,NA,NA
"Bleaching vs OA_3","Bleaching vs OA","Ssiderea006435",1.22057071040207,-2.47507155275618,"structural constituent of ribosome","Translation, ribosomal structure and biogenesis",1.22057071040207,-2.47507155275618,"Inverse",1.22057071040207,2.47507155275618,1.25450084235411,0.0601768276987223,0.00334910256034186,17.9680456523791,"OA","Bleaching","lpv.LC_CC","lpv.CH_CC","inverse","Inverse",NA,NA,NA,NA,NA,NA
"Bleaching vs OA_4","Bleaching vs OA","Ssiderea007939",1.09386778640167,-1.15695658218605,"structural constituent of ribosome","Translation, ribosomal structure and biogenesis",1.09386778640167,-1.15695658218605,"Inverse",1.09386778640167,1.15695658218605,0.063088795784388,0.0805623662347693,0.0696696161581748,1.15634864489369,"OA","Bleaching","lpv.LC_CC","lpv.CH_CC","inverse","Inverse",NA,NA,NA,NA,NA,NA
"Bleaching vs OA_5","Bleaching vs OA","Ssiderea009999",1.99713762667243,-102.031763995054,"Acid trehalase-like","Carbohydrate transport and metabolism",1.99713762667243,-102.031763995054,"Inverse",1.99713762667243,102.031763995054,100.034626368381,0.0100661262565614,9.29471344250113e-103,1.08299479255949e+100,"OA","Bleaching","lpv.LC_CC","lpv.CH_CC","inverse","Inverse",NA,NA,NA,NA,NA,NA
"Bleaching vs OA_6","Bleaching vs OA","Ssiderea014540",1.17323138528773,-5.09279020556915,"RNA-binding protein Musashi homolog","RNA processing and modification",1.17323138528773,-5.09279020556915,"Inverse",1.17323138528773,5.09279020556915,3.91955882028143,0.0671071221443653,8.07625075096547e-06,8309.1924970684,"OA","Bleaching","lpv.LC_CC","lpv.CH_CC","inverse","Inverse",NA,NA,NA,NA,NA,NA
"Bleaching vs OA_7","Bleaching vs OA","Ssiderea015151",1.12870377515916,-2.3964353371181,"serine arginine-rich splicing factor","RNA processing and modification",1.12870377515916,-2.3964353371181,"Inverse",1.12870377515916,2.3964353371181,1.26773156195894,0.0743526111426362,0.00401388257229093,18.5238630686197,"OA","Bleaching","lpv.LC_CC","lpv.CH_CC","inverse","Inverse",NA,NA,NA,NA,NA,NA
"Bleaching vs OA_8","Bleaching vs OA","Ssiderea015272",1.46781205730669,-1.08268493546703,"protein-cysteine S-acyltransferase activity","Function Unknown",1.46781205730669,-1.08268493546703,"Inverse",1.46781205730669,1.08268493546703,0.385127121839663,0.0340555534601439,0.0826637426884051,2.4273204893043,"OA","Bleaching","lpv.LC_CC","lpv.CH_CC","inverse","Inverse",NA,NA,NA,NA,NA,NA
"Bleaching vs OA_9","Bleaching vs OA","Ssiderea015602",1.31255293980622,-2.40639903469963,"translational elongation","Translation, ribosomal structure and biogenesis",1.31255293980622,-2.40639903469963,"Inverse",1.31255293980622,2.40639903469963,1.09384609489341,0.0486908168217322,0.00392284334463544,12.4121236929631,"OA","Bleaching","lpv.LC_CC","lpv.CH_CC","inverse","Inverse",NA,NA,NA,NA,NA,NA
"Bleaching vs OA_10","Bleaching vs OA","Ssiderea023369",1.01954821873977,-2.60023102523088,"L-lactate","Energy production and conversion",1.01954821873977,-2.60023102523088,"Inverse",1.01954821873977,2.60023102523088,1.58068280649112,0.0955986548090503,0.00251055057566734,38.0787607848286,"OA","Bleaching","lpv.LC_CC","lpv.CH_CC","inverse","Inverse",NA,NA,NA,NA,NA,NA
"Bleaching vs OA_11","Bleaching vs OA","Ssiderea023513",1.45967482394423,-1.842305553293,"Calcium channel, voltage-dependent, alpha 2 delta subunit 1a","",1.45967482394423,-1.842305553293,"Inverse",1.45967482394423,1.842305553293,0.382630729348762,0.0346996565340426,0.0143778664961142,2.41340789632596,"OA","Bleaching","lpv.LC_CC","lpv.CH_CC","inverse","Inverse",NA,NA,NA,NA,NA,NA
"Bleaching vs OA_12","Bleaching vs OA","Ssiderea025748",1.05726789148635,-3.92033577513823,NA,NA,1.05726789148635,-3.92033577513823,"Inverse",1.05726789148635,3.92033577513823,2.86306788365189,0.0876460016189116,0.000120133526211597,729.571539126693,"OA","Bleaching","lpv.LC_CC","lpv.CH_CC","inverse","Inverse",NA,NA,NA,NA,NA,NA
"Bleaching vs OA_13","Bleaching vs OA","Ssiderea028122",1.08867647140721,-2.93243894118323,NA,NA,1.08867647140721,-2.93243894118323,"Inverse",1.08867647140721,2.93243894118323,1.84376246977602,0.0815311425817965,0.00116831797578602,69.7850621761975,"OA","Bleaching","lpv.LC_CC","lpv.CH_CC","inverse","Inverse",NA,NA,NA,NA,NA,NA
"Bleaching vs OA_14","Bleaching vs OA","Ssiderea028350",1.23680424828635,-1.42867006658535,NA,NA,1.23680424828635,-1.42867006658535,"Inverse",1.23680424828635,1.42867006658535,0.191865818298995,0.0579689924075283,0.0372674719634264,1.55548496727704,"OA","Bleaching","lpv.LC_CC","lpv.CH_CC","inverse","Inverse",NA,NA,NA,NA,NA,NA
"Bleaching vs OA_15","Bleaching vs OA","Ssiderea030049",1.07996317095759,-18.9772639307866,"Initiation factor 5a","Translation, ribosomal structure and biogenesis",1.07996317095759,-18.9772639307866,"Inverse",1.07996317095759,18.9772639307866,17.897300759829,0.0831834309328191,1.05374631579099e-19,789406612258262272,"OA","Bleaching","lpv.LC_CC","lpv.CH_CC","inverse","Inverse",NA,NA,NA,NA,NA,NA
"Bleaching vs OA_16","Bleaching vs OA","Ssiderea030383",1.09386778640167,-1.07065437362213,NA,NA,1.09386778640167,-1.07065437362213,"Inverse",1.09386778640167,1.07065437362213,0.0232134127795367,0.0805623662347693,0.0849856550840403,1.05490515058087,"OA","Bleaching","lpv.LC_CC","lpv.CH_CC","inverse","Inverse",NA,NA,NA,NA,NA,NA
"Bleaching vs OA_17","Bleaching vs OA","Ssiderea031617",1.10052889977246,-2.40991521516606,"WAP four-disulfide core domain","Extracellular structures",1.10052889977246,-2.40991521516606,"Inverse",1.10052889977246,2.40991521516606,1.30938631539359,0.0793361461428462,0.00389121103472568,20.3885488180517,"OA","Bleaching","lpv.LC_CC","lpv.CH_CC","inverse","Inverse",NA,NA,NA,NA,NA,NA
"Bleaching vs OA_18","Bleaching vs OA","Ssiderea033307",1.04985515994948,-1.14253722204605,"Protein prenyltransferase activity. It is involved in the biological process described with protein prenylation","Posttranslational modification, protein turnover, chaperones",1.04985515994948,-1.14253722204605,"Inverse",1.04985515994948,1.14253722204605,0.0926820620965738,0.0891548225722389,0.07202160210901,1.23789002134799,"OA","Bleaching","lpv.LC_CC","lpv.CH_CC","inverse","Inverse",NA,NA,NA,NA,NA,NA
"Bleaching vs OA_19","Bleaching vs OA","Ssiderea039355",1.88340791161636,-1.20822652361984,"60s ribosomal protein","Translation, ribosomal structure and biogenesis",1.88340791161636,-1.20822652361984,"Inverse",1.88340791161636,1.20822652361984,0.675181387996517,0.0130795284959263,0.0619118065108713,4.7334891720412,"OA","Bleaching","lpv.LC_CC","lpv.CH_CC","inverse","Inverse",NA,NA,NA,NA,NA,NA
"Bleaching vs OA_20","Bleaching vs OA","Ssiderea040225",1.00681890897403,-3.35011435974223,"supervillin","Cytoskeleton",1.00681890897403,-3.35011435974223,"Inverse",1.00681890897403,3.35011435974223,2.3432954507682,0.0984421501805926,0.000446565985555534,220.44256249864,"OA","Bleaching","lpv.LC_CC","lpv.CH_CC","inverse","Inverse",NA,NA,NA,NA,NA,NA
"Bleaching vs OA_21","Bleaching vs OA","Ssiderea042652",-1.00503846406216,1.08703818813822,"betaine-homocysteine S-methyltransferase activity","Amino acid transport and metabolism",-1.00503846406216,1.08703818813822,"Inverse",1.00503846406216,1.08703818813822,0.081999724076063,0.0988465545573332,0.0818392822513253,1.20781306773658,"OA","Bleaching","lpv.LC_CC","lpv.CH_CC","inverse","Inverse",NA,NA,NA,NA,NA,NA
"Bleaching vs OA_22","Bleaching vs OA","Ssiderea047625",1.40406716883333,-1.13970561415822,"ribosomal protein","Translation, ribosomal structure and biogenesis",1.40406716883333,-1.13970561415822,"Inverse",1.40406716883333,1.13970561415822,0.264361554675112,0.0394396299255563,0.0724927184337275,1.83806791723351,"OA","Bleaching","lpv.LC_CC","lpv.CH_CC","inverse","Inverse",NA,NA,NA,NA,NA,NA
"Bleaching vs OA_23","Bleaching vs OA","Ssiderea049169",1.07879763048339,-1.71863220829289,"translation","Translation, ribosomal structure and biogenesis",1.07879763048339,-1.71863220829289,"Inverse",1.07879763048339,1.71863220829289,0.639834577809496,0.0834069748092154,0.0191147134430493,4.3634959560194,"OA","Bleaching","lpv.LC_CC","lpv.CH_CC","inverse","Inverse",NA,NA,NA,NA,NA,NA
"Bleaching vs OA_24","Bleaching vs OA","Ssiderea051443",1.07205948958911,-1.21980384956545,"ribosomal large subunit assembly","Translation, ribosomal structure and biogenesis",1.07205948958911,-1.21980384956545,"Inverse",1.07205948958911,1.21980384956545,0.147744359976343,0.0847111369012164,0.0602831795426673,1.4052201218295,"OA","Bleaching","lpv.LC_CC","lpv.CH_CC","inverse","Inverse",NA,NA,NA,NA,NA,NA
"Bleaching vs OA_25","Bleaching vs OA","Ssiderea054350",1.21938821691528,-3.73526270419079,"Transferrin","Extracellular structures",1.21938821691528,-3.73526270419079,"Inverse",1.21938821691528,3.73526270419079,2.51587448727551,0.0603408999421806,0.000183965885748327,328.000486050602,"OA","Bleaching","lpv.LC_CC","lpv.CH_CC","inverse","Inverse",NA,NA,NA,NA,NA,NA
"Bleaching vs OA_26","Bleaching vs OA","Ssiderea054485",2.25087272218129,-5.92668898956861,"Solute carrier family 12","Inorganic ion transport and metabolism",2.25087272218129,-5.92668898956861,"Inverse",2.25087272218129,5.92668898956861,3.67581626738731,0.00561212425341451,1.1838890683159e-06,4740.41394891654,"OA","Bleaching","lpv.LC_CC","lpv.CH_CC","inverse","Inverse",NA,NA,NA,NA,NA,NA
"OA+Bleaching vs OA_1","OA+Bleaching vs OA","Ssiderea000534",1.18590690088165,NA,"ribosomal protein","Translation, ribosomal structure and biogenesis",1.18590690088165,-1.00514436303467,"Inverse",1.18590690088165,1.00514436303467,0.180762537846974,0.0651768097728333,0.0988224546139329,1.51622110622425,"OA","OA + Bleaching","lpv.LC_CC","lpv.LH_CC","inverse","Inverse",NA,NA,NA,NA,NA,-1.00514436303467
"OA+Bleaching vs OA_2","OA+Bleaching vs OA","Ssiderea001633",1.01286220909102,NA,"protein folding in endoplasmic reticulum","Function Unknown",1.01286220909102,-2.50764991223421,"Inverse",1.01286220909102,2.50764991223421,1.49478770314319,0.0970817934932369,0.00310706320389836,31.2455161425202,"OA","OA + Bleaching","lpv.LC_CC","lpv.LH_CC","inverse","Inverse",NA,NA,NA,NA,NA,-2.50764991223421
"OA+Bleaching vs OA_3","OA+Bleaching vs OA","Ssiderea002122",1.0784042731739,NA,"rRNA binding","Translation, ribosomal structure and biogenesis",1.0784042731739,-1.57578999104661,"Inverse",1.0784042731739,1.57578999104661,0.497385717872712,0.083482553954547,0.026558895427117,3.14329917008936,"OA","OA + Bleaching","lpv.LC_CC","lpv.LH_CC","inverse","Inverse",NA,NA,NA,NA,NA,-1.57578999104661
"OA+Bleaching vs OA_4","OA+Bleaching vs OA","Ssiderea003526",1.30691080116163,NA,"-","",1.30691080116163,-1.03663898475458,"Inverse",1.30691080116163,1.03663898475458,0.270271816407049,0.0493275106297309,0.0919096294655572,1.86325294530799,"OA","OA + Bleaching","lpv.LC_CC","lpv.LH_CC","inverse","Inverse",NA,NA,NA,NA,NA,-1.03663898475458
"OA+Bleaching vs OA_5","OA+Bleaching vs OA","Ssiderea006435",1.22057071040207,NA,"structural constituent of ribosome","Translation, ribosomal structure and biogenesis",1.22057071040207,-3.44824341729129,"Inverse",1.22057071040207,3.44824341729129,2.22767270688921,0.0601768276987223,0.000356251402456287,168.916746106301,"OA","OA + Bleaching","lpv.LC_CC","lpv.LH_CC","inverse","Inverse",NA,NA,NA,NA,NA,-3.44824341729129
"OA+Bleaching vs OA_6","OA+Bleaching vs OA","Ssiderea007939",1.09386778640167,NA,"structural constituent of ribosome","Translation, ribosomal structure and biogenesis",1.09386778640167,-2.36457533202204,"Inverse",1.09386778640167,2.36457533202204,1.27070754562038,0.0805623662347693,0.00431941237287666,18.6512329178508,"OA","OA + Bleaching","lpv.LC_CC","lpv.LH_CC","inverse","Inverse",NA,NA,NA,NA,NA,-2.36457533202204
"OA+Bleaching vs OA_7","OA+Bleaching vs OA","Ssiderea008900",1.57972051105002,NA,"Belongs to the universal ribosomal protein uL5 family","Translation, ribosomal structure and biogenesis",1.57972051105002,-1.28425350010457,"Inverse",1.57972051105002,1.28425350010457,0.29546701094545,0.0263196123799052,0.0519692560545448,1.97454488707527,"OA","OA + Bleaching","lpv.LC_CC","lpv.LH_CC","inverse","Inverse",NA,NA,NA,NA,NA,-1.28425350010457
"OA+Bleaching vs OA_8","OA+Bleaching vs OA","Ssiderea009116",1.67484966552812,NA,"Lipocalin-like domain","Cell wall/membrane/envelope biogenesis",1.67484966552812,-1.8685772715903,"Inverse",1.67484966552812,1.8685772715903,0.193727606062183,0.0211422076743312,0.0135338926825832,1.56216752786426,"OA","OA + Bleaching","lpv.LC_CC","lpv.LH_CC","inverse","Inverse",NA,NA,NA,NA,NA,-1.8685772715903
"OA+Bleaching vs OA_9","OA+Bleaching vs OA","Ssiderea009898",1.08724796288719,NA,"Papain family cysteine protease","Posttranslational modification, protein turnover, chaperones",1.08724796288719,-1.04603995485555,"Inverse",1.08724796288719,1.04603995485555,0.0412080080316437,0.0817997614422019,0.0899414832049476,1.0995323411609,"OA","OA + Bleaching","lpv.LC_CC","lpv.LH_CC","inverse","Inverse",NA,NA,NA,NA,NA,-1.04603995485555
"OA+Bleaching vs OA_10","OA+Bleaching vs OA","Ssiderea009999",1.99713762667243,NA,"Acid trehalase-like","Carbohydrate transport and metabolism",1.99713762667243,-109.867314605767,"Inverse",1.99713762667243,109.867314605767,107.870176979094,0.0100661262565614,1.35732983174227e-110,7.41612393771713e+107,"OA","OA + Bleaching","lpv.LC_CC","lpv.LH_CC","inverse","Inverse",NA,NA,NA,NA,NA,-109.867314605767
"OA+Bleaching vs OA_11","OA+Bleaching vs OA","Ssiderea010957",1.19296760056757,NA,"ribosomal protein","Translation, ribosomal structure and biogenesis",1.19296760056757,-1.60610099074527,"Inverse",1.19296760056757,1.60610099074527,0.413133390177694,0.0641257414175001,0.0247684602541949,2.58900798674554,"OA","OA + Bleaching","lpv.LC_CC","lpv.LH_CC","inverse","Inverse",NA,NA,NA,NA,NA,-1.60610099074527
"OA+Bleaching vs OA_12","OA+Bleaching vs OA","Ssiderea012793",1.09688988780385,NA,"positive regulation of Golgi to plasma membrane protein transport","Signal transduction mechanisms",1.09688988780385,-1.65229347076672,"Inverse",1.09688988780385,1.65229347076672,0.555403582962864,0.0800037072855125,0.0222692981202113,3.59255630122003,"OA","OA + Bleaching","lpv.LC_CC","lpv.LH_CC","inverse","Inverse",NA,NA,NA,NA,NA,-1.65229347076672
"OA+Bleaching vs OA_13","OA+Bleaching vs OA","Ssiderea013791",1.18438605044372,NA,"regulation of mitotic cell cycle","Posttranslational modification, protein turnover, chaperones",1.18438605044372,-1.63256998858678,"Inverse",1.18438605044372,1.63256998858678,0.448183938143054,0.0654054517368988,0.0233039753055947,2.80662208396679,"OA","OA + Bleaching","lpv.LC_CC","lpv.LH_CC","inverse","Inverse",NA,NA,NA,NA,NA,-1.63256998858678
"OA+Bleaching vs OA_14","OA+Bleaching vs OA","Ssiderea014540",1.17323138528773,NA,"RNA-binding protein Musashi homolog","RNA processing and modification",1.17323138528773,-5.4200744658999,"Inverse",1.17323138528773,5.4200744658999,4.24684308061217,0.0671071221443653,3.80124213087348e-06,17653.9983073756,"OA","OA + Bleaching","lpv.LC_CC","lpv.LH_CC","inverse","Inverse",NA,NA,NA,NA,NA,-5.4200744658999
"OA+Bleaching vs OA_15","OA+Bleaching vs OA","Ssiderea015151",1.12870377515916,NA,"serine arginine-rich splicing factor","RNA processing and modification",1.12870377515916,-2.45458077184574,"Inverse",1.12870377515916,2.45458077184574,1.32587699668658,0.0743526111426362,0.00351090621188872,21.1776124610967,"OA","OA + Bleaching","lpv.LC_CC","lpv.LH_CC","inverse","Inverse",NA,NA,NA,NA,NA,-2.45458077184574
"OA+Bleaching vs OA_16","OA+Bleaching vs OA","Ssiderea015272",1.46781205730669,NA,"protein-cysteine S-acyltransferase activity","Function Unknown",1.46781205730669,-2.59255506704473,"Inverse",1.46781205730669,2.59255506704473,1.12474300973804,0.0340555534601439,0.00255531787501502,13.3273256502163,"OA","OA + Bleaching","lpv.LC_CC","lpv.LH_CC","inverse","Inverse",NA,NA,NA,NA,NA,-2.59255506704473
"OA+Bleaching vs OA_17","OA+Bleaching vs OA","Ssiderea015602",1.31255293980622,NA,"translational elongation","Translation, ribosomal structure and biogenesis",1.31255293980622,-3.31255953063169,"Inverse",1.31255293980622,3.31255953063169,2.00000659082547,0.0486908168217322,0.000486900778985964,100.001517605163,"OA","OA + Bleaching","lpv.LC_CC","lpv.LH_CC","inverse","Inverse",NA,NA,NA,NA,NA,-3.31255953063169
"OA+Bleaching vs OA_18","OA+Bleaching vs OA","Ssiderea016156",1.02053870522042,NA,"Belongs to the eukaryotic ribosomal protein eS4 family","Translation, ribosomal structure and biogenesis",1.02053870522042,-1.25321135573117,"Inverse",1.02053870522042,1.25321135573117,0.232672650510752,0.0953808733650915,0.0558198473211495,1.70872687659525,"OA","OA + Bleaching","lpv.LC_CC","lpv.LH_CC","inverse","Inverse",NA,NA,NA,NA,NA,-1.25321135573117
"OA+Bleaching vs OA_19","OA+Bleaching vs OA","Ssiderea016380",1.1155167787832,NA,"ligase 1","Chromatin structure and dynamics",1.1155167787832,-1.17201950384356,"Inverse",1.1155167787832,1.17201950384356,0.0565027250603569,0.0766448928161146,0.0672946434079701,1.13894492837207,"OA","OA + Bleaching","lpv.LC_CC","lpv.LH_CC","inverse","Inverse",NA,NA,NA,NA,NA,-1.17201950384356
"OA+Bleaching vs OA_20","OA+Bleaching vs OA","Ssiderea018648",1.27844721149116,NA,"ribosomal small subunit assembly","Translation, ribosomal structure and biogenesis",1.27844721149116,-1.7603544251051,"Inverse",1.27844721149116,1.7603544251051,0.481907213613937,0.0526687229853755,0.0173638319852153,3.0332430669809,"OA","OA + Bleaching","lpv.LC_CC","lpv.LH_CC","inverse","Inverse",NA,NA,NA,NA,NA,-1.7603544251051
"OA+Bleaching vs OA_21","OA+Bleaching vs OA","Ssiderea019064",1.06178142615619,NA,"long-chain-acyl-CoA dehydrogenase activity","Lipid transport and metabolism",1.06178142615619,-2.14988845327132,"Inverse",1.06178142615619,2.14988845327132,1.08810702711512,0.0867398314374288,0.0070812764066352,12.2491802969523,"OA","OA + Bleaching","lpv.LC_CC","lpv.LH_CC","inverse","Inverse",NA,NA,NA,NA,NA,-2.14988845327132
"OA+Bleaching vs OA_22","OA+Bleaching vs OA","Ssiderea019445",1.09051536917133,NA,"structural constituent of ribosome","Translation, ribosomal structure and biogenesis",1.09051536917133,-1.07890739594202,"Inverse",1.09051536917133,1.07890739594202,0.0116079732293164,0.0811866517425343,0.0833858968348032,1.02708875221561,"OA","OA + Bleaching","lpv.LC_CC","lpv.LH_CC","inverse","Inverse",NA,NA,NA,NA,NA,-1.07890739594202
"OA+Bleaching vs OA_23","OA+Bleaching vs OA","Ssiderea022140",1.4017134040197,NA,"Phosphoethanolamine","Lipid transport and metabolism",1.4017134040197,-2.54166814961938,"Inverse",1.4017134040197,2.54166814961938,1.13995474559969,0.0396539629044962,0.00287297502320509,13.8024043314718,"OA","OA + Bleaching","lpv.LC_CC","lpv.LH_CC","inverse","Inverse",NA,NA,NA,NA,NA,-2.54166814961938
"OA+Bleaching vs OA_24","OA+Bleaching vs OA","Ssiderea023369",1.01954821873977,NA,"L-lactate","Energy production and conversion",1.01954821873977,-3.13225009053168,"Inverse",1.01954821873977,3.13225009053168,2.11270187179191,0.0955986548090503,0.000737479426812024,129.628910764744,"OA","OA + Bleaching","lpv.LC_CC","lpv.LH_CC","inverse","Inverse",NA,NA,NA,NA,NA,-3.13225009053168
"OA+Bleaching vs OA_25","OA+Bleaching vs OA","Ssiderea023516",1.03812050527686,NA,"ATP:ADP antiporter activity","Energy production and conversion",1.03812050527686,-2.77470265212246,"Inverse",1.03812050527686,2.77470265212246,1.73658214684559,0.0915966298342009,0.00167995383641618,54.5233016816716,"OA","OA + Bleaching","lpv.LC_CC","lpv.LH_CC","inverse","Inverse",NA,NA,NA,NA,NA,-2.77470265212246
"OA+Bleaching vs OA_26","OA+Bleaching vs OA","Ssiderea025748",1.05726789148635,NA,NA,NA,1.05726789148635,-3.76872154823646,"Inverse",1.05726789148635,3.76872154823646,2.71145365675011,0.0876460016189116,0.000170325021237798,514.580893529114,"OA","OA + Bleaching","lpv.LC_CC","lpv.LH_CC","inverse","Inverse",NA,NA,NA,NA,NA,-3.76872154823646
"OA+Bleaching vs OA_27","OA+Bleaching vs OA","Ssiderea028103",1.10052889977246,NA,"Protein phosphatase 1, regulatory subunit","RNA processing and modification",1.10052889977246,-1.82471781516513,"Inverse",1.10052889977246,1.82471781516513,0.724188915392664,0.0793361461428462,0.0149720815799563,5.29893894306964,"OA","OA + Bleaching","lpv.LC_CC","lpv.LH_CC","inverse","Inverse",NA,NA,NA,NA,NA,-1.82471781516513
"OA+Bleaching vs OA_28","OA+Bleaching vs OA","Ssiderea028122",1.08867647140721,NA,NA,NA,1.08867647140721,-3.90065960234872,"Inverse",1.08867647140721,3.90065960234872,2.81198313094151,0.0815311425817965,0.000125701481905623,648.609239491784,"OA","OA + Bleaching","lpv.LC_CC","lpv.LH_CC","inverse","Inverse",NA,NA,NA,NA,NA,-3.90065960234872
"OA+Bleaching vs OA_29","OA+Bleaching vs OA","Ssiderea030049",1.07996317095759,NA,"Initiation factor 5a","Translation, ribosomal structure and biogenesis",1.07996317095759,-23.0406372025859,"Inverse",1.07996317095759,23.0406372025859,21.9606740316283,0.0831834309328191,9.10673706205709e-24,9.13427392994578e+21,"OA","OA + Bleaching","lpv.LC_CC","lpv.LH_CC","inverse","Inverse",NA,NA,NA,NA,NA,-23.0406372025859
"OA+Bleaching vs OA_30","OA+Bleaching vs OA","Ssiderea031617",1.10052889977246,NA,"WAP four-disulfide core domain","Extracellular structures",1.10052889977246,-2.28169666267011,"Inverse",1.10052889977246,2.28169666267011,1.18116776289765,0.0793361461428462,0.00522761189302798,15.1763649953923,"OA","OA + Bleaching","lpv.LC_CC","lpv.LH_CC","inverse","Inverse",NA,NA,NA,NA,NA,-2.28169666267011
"OA+Bleaching vs OA_31","OA+Bleaching vs OA","Ssiderea036521",1.3250858770518,NA,"CDGSH iron sulfur domain 3","Function Unknown",1.3250858770518,-1.64676245712149,"Inverse",1.3250858770518,1.64676245712149,0.321676580069693,0.0473057707650611,0.0225547253415789,2.09737738095415,"OA","OA + Bleaching","lpv.LC_CC","lpv.LH_CC","inverse","Inverse",NA,NA,NA,NA,NA,-1.64676245712149
"OA+Bleaching vs OA_32","OA+Bleaching vs OA","Ssiderea039123",1.24255951172476,NA,"ABRA C-terminal like","Function Unknown",1.24255951172476,-2.31662961636602,"Inverse",1.24255951172476,2.31662961636602,1.07407010464126,0.0572058559633218,0.00482358997223764,11.8596017266336,"OA","OA + Bleaching","lpv.LC_CC","lpv.LH_CC","inverse","Inverse",NA,NA,NA,NA,NA,-2.31662961636602
"OA+Bleaching vs OA_33","OA+Bleaching vs OA","Ssiderea039355",1.88340791161636,NA,"60s ribosomal protein","Translation, ribosomal structure and biogenesis",1.88340791161636,-1.96831023759129,"Inverse",1.88340791161636,1.96831023759129,0.0849023259749271,0.0130795284959263,0.0107569651696111,1.21591250782112,"OA","OA + Bleaching","lpv.LC_CC","lpv.LH_CC","inverse","Inverse",NA,NA,NA,NA,NA,-1.96831023759129
"OA+Bleaching vs OA_34","OA+Bleaching vs OA","Ssiderea039439",1.19052299173271,NA,"Ribosomal protein L14p/L23e","Translation, ribosomal structure and biogenesis",1.19052299173271,-1.13585284508575,"Inverse",1.19052299173271,1.13585284508575,0.0546701466469619,0.0644877178895055,0.073138686222232,1.13414908475362,"OA","OA + Bleaching","lpv.LC_CC","lpv.LH_CC","inverse","Inverse",NA,NA,NA,NA,NA,-1.13585284508575
"OA+Bleaching vs OA_35","OA+Bleaching vs OA","Ssiderea040225",1.00681890897403,NA,"supervillin","Cytoskeleton",1.00681890897403,-3.74894340528117,"Inverse",1.00681890897403,3.74894340528117,2.74212449630714,0.0984421501805926,0.000178261105176735,552.235722329856,"OA","OA + Bleaching","lpv.LC_CC","lpv.LH_CC","inverse","Inverse",NA,NA,NA,NA,NA,-3.74894340528117
"OA+Bleaching vs OA_36","OA+Bleaching vs OA","Ssiderea042287",1.04906707241148,NA,"structural constituent of ribosome","Translation, ribosomal structure and biogenesis",1.04906707241148,-1.72707053618907,"Inverse",1.04906707241148,1.72707053618907,0.678003463777592,0.0893167532345488,0.0187469000448037,4.76434786663866,"OA","OA + Bleaching","lpv.LC_CC","lpv.LH_CC","inverse","Inverse",NA,NA,NA,NA,NA,-1.72707053618907
"OA+Bleaching vs OA_37","OA+Bleaching vs OA","Ssiderea043587",1.0104951529971,NA,"cathepsin Z","Posttranslational modification, protein turnover, chaperones",1.0104951529971,-1.12807618503001,"Inverse",1.0104951529971,1.12807618503001,0.117581032032915,0.0976123676531079,0.074460134260873,1.31093461786035,"OA","OA + Bleaching","lpv.LC_CC","lpv.LH_CC","inverse","Inverse",NA,NA,NA,NA,NA,-1.12807618503001
"OA+Bleaching vs OA_38","OA+Bleaching vs OA","Ssiderea045336",1.10077740582357,NA,"BIR domain binding","Cell cycle control, cell division, chromosome partitioning",1.10077740582357,-1.1244570420501,"Inverse",1.10077740582357,1.1244570420501,0.0236796362265301,0.0792907624835679,0.0750832318526504,1.0560382195478,"OA","OA + Bleaching","lpv.LC_CC","lpv.LH_CC","inverse","Inverse",NA,NA,NA,NA,NA,-1.1244570420501
"OA+Bleaching vs OA_39","OA+Bleaching vs OA","Ssiderea045954",3.10175448391947,NA,"RAS protein activator like 1 (GAP1 like)","Signal transduction mechanisms",3.10175448391947,-2.09925227384046,"Inverse",3.10175448391947,2.09925227384046,1.00250221007902,0.000791125742129698,0.00795697010089544,10.0577818128827,"OA","OA + Bleaching","lpv.LC_CC","lpv.LH_CC","inverse","Inverse",NA,NA,NA,NA,NA,-2.09925227384046
"OA+Bleaching vs OA_40","OA+Bleaching vs OA","Ssiderea047459",1.21938821691528,NA,"pre-mRNA cleavage required for polyadenylation","RNA processing and modification",1.21938821691528,-1.53365221089966,"Inverse",1.21938821691528,1.53365221089966,0.314263993984384,0.0603408999421806,0.0292649501788389,2.06188288630036,"OA","OA + Bleaching","lpv.LC_CC","lpv.LH_CC","inverse","Inverse",NA,NA,NA,NA,NA,-1.53365221089966
"OA+Bleaching vs OA_41","OA+Bleaching vs OA","Ssiderea047625",1.40406716883333,NA,"ribosomal protein","Translation, ribosomal structure and biogenesis",1.40406716883333,-1.37659228266464,"Inverse",1.40406716883333,1.37659228266464,0.0274748861686924,0.0394396299255563,0.0420153240380594,1.06530725864733,"OA","OA + Bleaching","lpv.LC_CC","lpv.LH_CC","inverse","Inverse",NA,NA,NA,NA,NA,-1.37659228266464
"OA+Bleaching vs OA_42","OA+Bleaching vs OA","Ssiderea047668",1.26841284207205,NA,"structural constituent of ribosome","Translation, ribosomal structure and biogenesis",1.26841284207205,-1.12942956954466,"Inverse",1.26841284207205,1.12942956954466,0.138983272527394,0.0538998005245471,0.0742284565837581,1.37715642472467,"OA","OA + Bleaching","lpv.LC_CC","lpv.LH_CC","inverse","Inverse",NA,NA,NA,NA,NA,-1.12942956954466
"OA+Bleaching vs OA_43","OA+Bleaching vs OA","Ssiderea048480",1.15682391191172,NA,"trafficking protein particle complex","Intracellular trafficking, secretion, and vesicular transport",1.15682391191172,-1.54136160080028,"Inverse",1.15682391191172,1.54136160080028,0.38453768888856,0.0696909024038625,0.0287500364211732,2.4240283171446,"OA","OA + Bleaching","lpv.LC_CC","lpv.LH_CC","inverse","Inverse",NA,NA,NA,NA,NA,-1.54136160080028
"OA+Bleaching vs OA_44","OA+Bleaching vs OA","Ssiderea049169",1.07879763048339,NA,"translation","Translation, ribosomal structure and biogenesis",1.07879763048339,-2.57803701460762,"Inverse",1.07879763048339,2.57803701460762,1.49923938412423,0.0834069748092154,0.00264218355631321,31.5674414860101,"OA","OA + Bleaching","lpv.LC_CC","lpv.LH_CC","inverse","Inverse",NA,NA,NA,NA,NA,-2.57803701460762
"OA+Bleaching vs OA_45","OA+Bleaching vs OA","Ssiderea051443",1.07205948958911,NA,"ribosomal large subunit assembly","Translation, ribosomal structure and biogenesis",1.07205948958911,-2.28169666267011,"Inverse",1.07205948958911,2.28169666267011,1.209637173081,0.0847111369012164,0.00522761189302798,16.2045573838783,"OA","OA + Bleaching","lpv.LC_CC","lpv.LH_CC","inverse","Inverse",NA,NA,NA,NA,NA,-2.28169666267011
"OA+Bleaching vs OA_46","OA+Bleaching vs OA","Ssiderea052995",1.09058791884055,NA,"Far upstream element-binding protein","RNA processing and modification",1.09058791884055,-1.13309294283493,"Inverse",1.09058791884055,1.13309294283493,0.0425050239943796,0.0811730905000402,0.0736049559565261,1.1028209914015,"OA","OA + Bleaching","lpv.LC_CC","lpv.LH_CC","inverse","Inverse",NA,NA,NA,NA,NA,-1.13309294283493
"OA+Bleaching vs OA_47","OA+Bleaching vs OA","Ssiderea054350",1.21938821691528,NA,"Transferrin","Extracellular structures",1.21938821691528,-1.92426991033073,"Inverse",1.21938821691528,1.92426991033073,0.704881693415444,0.0603408999421806,0.0119050189125218,5.06852617249635,"OA","OA + Bleaching","lpv.LC_CC","lpv.LH_CC","inverse","Inverse",NA,NA,NA,NA,NA,-1.92426991033073
"OA+Bleaching vs OA_48","OA+Bleaching vs OA","Ssiderea054485",2.25087272218129,NA,"Solute carrier family 12","Inorganic ion transport and metabolism",2.25087272218129,-5.11516807623786,"Inverse",2.25087272218129,5.11516807623786,2.86429535405657,0.00561212425341451,7.67064570373758e-06,731.636484094157,"OA","OA + Bleaching","lpv.LC_CC","lpv.LH_CC","inverse","Inverse",NA,NA,NA,NA,NA,-5.11516807623786
"OA+Bleaching vs OA_49","OA+Bleaching vs OA","Ssiderea054560",1.07879763048339,NA,"non-membrane spanning protein tyrosine phosphatase activity","Signal transduction mechanisms",1.07879763048339,-2.08667948651921,"Inverse",1.07879763048339,2.08667948651921,1.00788185603582,0.0834069748092154,0.00819069045921978,10.1831433167309,"OA","OA + Bleaching","lpv.LC_CC","lpv.LH_CC","inverse","Inverse",NA,NA,NA,NA,NA,-2.08667948651921
"OA+Bleaching vs OA_50","OA+Bleaching vs OA","Ssiderea058218",1.46833026439574,NA,"cytochrome C oxidase","Function Unknown",1.46833026439574,-1.33693317348826,"Inverse",1.46833026439574,1.33693317348826,0.131397090907484,0.0340149420655475,0.0460327400426036,1.35330937662329,"OA","OA + Bleaching","lpv.LC_CC","lpv.LH_CC","inverse","Inverse",NA,NA,NA,NA,NA,-1.33693317348826
"Bleaching vs OA_27","Bleaching vs OA","Ssiderea002156",1.11121092639896,3.56456284190183,NA,NA,1.11121092639896,3.56456284190183,"Direct",1.11121092639896,3.56456284190183,2.45335191550286,0.0774085751634058,0.000272544334194193,284.021956986458,"OA","Bleaching","lpv.LC_CC","lpv.CH_CC","discordant","Direct (discordant significance)","Bleaching >> OA",2,2,1.3,100,NA
"Bleaching vs OA_28","Bleaching vs OA","Ssiderea005375",1.16954638366433,7.13399893122755,NA,NA,1.16954638366433,7.13399893122755,"Direct",1.16954638366433,7.13399893122755,5.96445254756322,0.0676789506360698,7.34515675753546e-08,921409.207048404,"OA","Bleaching","lpv.LC_CC","lpv.CH_CC","discordant","Direct (discordant significance)","Bleaching >> OA",2,2,1.3,100,NA
"Bleaching vs OA_29","Bleaching vs OA","Ssiderea005376",1.21938821691528,11.0168717882624,NA,NA,1.21938821691528,11.0168717882624,"Direct",1.21938821691528,11.0168717882624,9.79748357134713,0.0603408999421806,9.61896205964514e-12,6273119653.45321,"OA","Bleaching","lpv.LC_CC","lpv.CH_CC","discordant","Direct (discordant significance)","Bleaching >> OA",2,2,1.3,100,NA
"Bleaching vs OA_30","Bleaching vs OA","Ssiderea005967",1.1155167787832,3.14940636160962,"D-serine biosynthetic process","",1.1155167787832,3.14940636160962,"Direct",1.1155167787832,3.14940636160962,2.03388958282642,0.0766448928161146,0.000708914139208478,108.11590371394,"OA","Bleaching","lpv.LC_CC","lpv.CH_CC","discordant","Direct (discordant significance)","Bleaching >> OA",2,2,1.3,100,NA
"Bleaching vs OA_31","Bleaching vs OA","Ssiderea006406",5.76485083510172,1.08336653311949,NA,NA,5.76485083510172,1.08336653311949,"Direct",5.76485083510172,1.08336653311949,4.68148430198223,1.71849852968128e-06,0.0825341089382193,48026.8720122363,"OA","Bleaching","lpv.LC_CC","lpv.CH_CC","discordant","Direct (discordant significance)","OA >> Bleaching",2,2,1.3,100,NA
"Bleaching vs OA_32","Bleaching vs OA","Ssiderea008293",1.07446476951047,5.448443581089,"UPF0728 protein C10orf53 homolog","Function Unknown",1.07446476951047,5.448443581089,"Direct",1.07446476951047,5.448443581089,4.37397881157853,0.0842432727820405,3.56087246091689e-06,23658.0427147196,"OA","Bleaching","lpv.LC_CC","lpv.CH_CC","discordant","Direct (discordant significance)","Bleaching >> OA",2,2,1.3,100,NA
"Bleaching vs OA_33","Bleaching vs OA","Ssiderea009538",1.00880479007692,6.25379970252073,"Histone h2b","Chromatin structure and dynamics",1.00880479007692,6.25379970252073,"Direct",1.00880479007692,6.25379970252073,5.24499491244381,0.0979930352835653,5.57442783375944e-07,175790.302082856,"OA","Bleaching","lpv.LC_CC","lpv.CH_CC","discordant","Direct (discordant significance)","Bleaching >> OA",2,2,1.3,100,NA
"Bleaching vs OA_34","Bleaching vs OA","Ssiderea010040",1.04819293861646,5.48123633401856,"NAD/NADP octopine/nopaline dehydrogenase, alpha-helical domain","Function Unknown",1.04819293861646,5.48123633401856,"Direct",1.04819293861646,5.48123633401856,4.4330433954021,0.0894967081307395,3.3018980971566e-06,27104.6245212137,"OA","Bleaching","lpv.LC_CC","lpv.CH_CC","discordant","Direct (discordant significance)","Bleaching >> OA",2,2,1.3,100,NA
"Bleaching vs OA_35","Bleaching vs OA","Ssiderea011646",1.03254756757463,10.9031193121613,"Scavenger receptor Cys-rich","Signal transduction mechanisms",1.03254756757463,10.9031193121613,"Direct",1.03254756757463,10.9031193121613,9.87057174458669,0.092779586457632,1.24991559822727e-11,7422868119.19294,"OA","Bleaching","lpv.LC_CC","lpv.CH_CC","discordant","Direct (discordant significance)","Bleaching >> OA",2,2,1.3,100,NA
"Bleaching vs OA_36","Bleaching vs OA","Ssiderea013425",1.26908147921629,4.32587369955358,"Sulfide quinone","Energy production and conversion",1.26908147921629,4.32587369955358,"Direct",1.26908147921629,4.32587369955358,3.0567922203373,0.05381688056723,4.7220034543323e-05,1139.70438792997,"OA","Bleaching","lpv.LC_CC","lpv.CH_CC","discordant","Direct (discordant significance)","Bleaching >> OA",2,2,1.3,100,NA
"Bleaching vs OA_37","Bleaching vs OA","Ssiderea014838",1.27844721149116,16.3447385585365,"regulation of endoplasmic reticulum stress-induced intrinsic apoptotic signaling pathway","Function Unknown",1.27844721149116,16.3447385585365,"Direct",1.27844721149116,16.3447385585365,15.0662913470453,0.0526687229853755,4.52128039575829e-17,1164907246955696,"OA","Bleaching","lpv.LC_CC","lpv.CH_CC","discordant","Direct (discordant significance)","Bleaching >> OA",2,2,1.3,100,NA
"Bleaching vs OA_38","Bleaching vs OA","Ssiderea019309",1.21814288802561,4.33501147923129,"Universal stress protein family","Signal transduction mechanisms",1.21814288802561,4.33501147923129,"Direct",1.21814288802561,4.33501147923129,3.11686859120568,0.0605141743200371,4.62368799948698e-05,1308.78585074839,"OA","Bleaching","lpv.LC_CC","lpv.CH_CC","discordant","Direct (discordant significance)","Bleaching >> OA",2,2,1.3,100,NA
"Bleaching vs OA_39","Bleaching vs OA","Ssiderea019357",1.03146473384083,3.06324960687328,NA,NA,1.03146473384083,3.06324960687328,"Direct",1.03146473384083,3.06324960687328,2.03178487303245,0.0930112039884614,0.00086447092902631,107.593212062347,"OA","Bleaching","lpv.LC_CC","lpv.CH_CC","discordant","Direct (discordant significance)","Bleaching >> OA",2,2,1.3,100,NA
"Bleaching vs OA_40","Bleaching vs OA","Ssiderea020402",1.22743956942968,9.26612518075302,NA,NA,1.22743956942968,9.26612518075302,"Direct",1.22743956942968,9.26612518075302,8.03868561132334,0.0592325501180507,5.41844686938026e-10,109316473.052038,"OA","Bleaching","lpv.LC_CC","lpv.CH_CC","discordant","Direct (discordant significance)","Bleaching >> OA",2,2,1.3,100,NA
"Bleaching vs OA_41","Bleaching vs OA","Ssiderea021959",-1.21987981328492,-3.72631290497511,"PX domain","Signal transduction mechanisms",-1.21987981328492,-3.72631290497511,"Direct",1.21987981328492,3.72631290497511,2.50643309169018,0.0602726361573341,0.000187796327487299,320.946830876715,"OA","Bleaching","lpv.LC_CC","lpv.CH_CC","discordant","Direct (discordant significance)","Bleaching >> OA",2,2,1.3,100,NA
"Bleaching vs OA_42","Bleaching vs OA","Ssiderea029552",1.14194249179464,5.48937634134252,"Histidine phosphatase superfamily (branch 2)","Function Unknown",1.14194249179464,5.48937634134252,"Direct",1.14194249179464,5.48937634134252,4.34743384954788,0.0721202972781134,3.24058680012338e-06,22255.3203251237,"OA","Bleaching","lpv.LC_CC","lpv.CH_CC","discordant","Direct (discordant significance)","Bleaching >> OA",2,2,1.3,100,NA
"Bleaching vs OA_43","Bleaching vs OA","Ssiderea033479",1.00076078865555,5.21010588165477,NA,NA,1.00076078865555,5.21010588165477,"Direct",1.00076078865555,5.21010588165477,4.20934509299922,0.0998249752854915,6.16444693386329e-06,16193.6628470465,"OA","Bleaching","lpv.LC_CC","lpv.CH_CC","discordant","Direct (discordant significance)","Bleaching >> OA",2,2,1.3,100,NA
"Bleaching vs OA_44","Bleaching vs OA","Ssiderea042330",-1.03812050527686,-8.7179163702075,"Sterol-sensing domain of SREBP cleavage-activation","Lipid transport and metabolism",-1.03812050527686,-8.7179163702075,"Direct",1.03812050527686,8.7179163702075,7.67979586493064,0.0915966298342009,1.91462457865864e-09,47840517.0680366,"OA","Bleaching","lpv.LC_CC","lpv.CH_CC","discordant","Direct (discordant significance)","Bleaching >> OA",2,2,1.3,100,NA
"Bleaching vs OA_45","Bleaching vs OA","Ssiderea047239",1.07879763048339,3.16858949959649,"brca1 gene 1","Function Unknown",1.07879763048339,3.16858949959649,"Direct",1.07879763048339,3.16858949959649,2.0897918691131,0.0834069748092154,0.000678282325376409,122.96793191969,"OA","Bleaching","lpv.LC_CC","lpv.CH_CC","discordant","Direct (discordant significance)","Bleaching >> OA",2,2,1.3,100,NA
"Bleaching vs OA_46","Bleaching vs OA","Ssiderea050054",1.15682391191172,7.99267123671398,"Macrophage migration inhibitory","Defense mechanisms",1.15682391191172,7.99267123671398,"Direct",1.15682391191172,7.99267123671398,6.83584732480226,0.0696909024038625,1.01701828991895e-08,6852472.87041578,"OA","Bleaching","lpv.LC_CC","lpv.CH_CC","discordant","Direct (discordant significance)","Bleaching >> OA",2,2,1.3,100,NA
"Bleaching vs OA_47","Bleaching vs OA","Ssiderea051176",1.09386778640167,4.18543132570526,"Ubiquitin-2 like Rad60 SUMO-like","Posttranslational modification, protein turnover, chaperones",1.09386778640167,4.18543132570526,"Direct",1.09386778640167,4.18543132570526,3.0915635393036,0.0805623662347693,6.52482208813606e-05,1234.70594518208,"OA","Bleaching","lpv.LC_CC","lpv.CH_CC","discordant","Direct (discordant significance)","Bleaching >> OA",2,2,1.3,100,NA
"Bleaching vs OA_48","Bleaching vs OA","Ssiderea052473",1.21938821691528,5.35952830449741,"Cupin-like domain","",1.21938821691528,5.35952830449741,"Direct",1.21938821691528,5.35952830449741,4.14014008758213,0.0603408999421806,4.36990197955821e-06,13808.2959811105,"OA","Bleaching","lpv.LC_CC","lpv.CH_CC","discordant","Direct (discordant significance)","Bleaching >> OA",2,2,1.3,100,NA
"Bleaching vs OA_49","Bleaching vs OA","Ssiderea053828",1.00475133192339,14.5989744340819,NA,NA,1.00475133192339,14.5989744340819,"Direct",1.00475133192339,14.5989744340819,13.5942231021585,0.0989119281879076,2.51782514197609e-15,39284669351692,"OA","Bleaching","lpv.LC_CC","lpv.CH_CC","discordant","Direct (discordant significance)","Bleaching >> OA",2,2,1.3,100,NA
"Bleaching vs OA_50","Bleaching vs OA","Ssiderea054861",-1.27844721149116,-8.62137776474426,NA,NA,-1.27844721149116,-8.62137776474426,"Direct",1.27844721149116,8.62137776474426,7.34293055325309,0.0526687229853755,2.3912348706178e-09,22025742.2775739,"OA","Bleaching","lpv.LC_CC","lpv.CH_CC","discordant","Direct (discordant significance)","Bleaching >> OA",2,2,1.3,100,NA
"OA+Bleaching vs OA_51","OA+Bleaching vs OA","Ssiderea002156",1.11121092639896,NA,NA,NA,1.11121092639896,3.3947625108338,"Direct",1.11121092639896,3.3947625108338,2.28355158443484,0.0774085751634058,0.000402937315935164,192.110713260078,"OA","OA + Bleaching","lpv.LC_CC","lpv.LH_CC","discordant","Direct (discordant significance)","OA + Bleaching >> OA",2,2,1.3,100,3.3947625108338
"OA+Bleaching vs OA_52","OA+Bleaching vs OA","Ssiderea005375",1.16954638366433,NA,NA,NA,1.16954638366433,9.44052626301685,"Direct",1.16954638366433,9.44052626301685,8.27097987935252,0.0676789506360698,3.6263835581376e-10,186629322.439427,"OA","OA + Bleaching","lpv.LC_CC","lpv.LH_CC","discordant","Direct (discordant significance)","OA + Bleaching >> OA",2,2,1.3,100,9.44052626301685
"OA+Bleaching vs OA_53","OA+Bleaching vs OA","Ssiderea005376",1.21938821691528,NA,NA,NA,1.21938821691528,17.8301708403678,"Direct",1.21938821691528,17.8301708403678,16.6107826234525,0.0603408999421806,1.47852665909508e-18,40811506218705576,"OA","OA + Bleaching","lpv.LC_CC","lpv.LH_CC","discordant","Direct (discordant significance)","OA + Bleaching >> OA",2,2,1.3,100,17.8301708403678
"OA+Bleaching vs OA_54","OA+Bleaching vs OA","Ssiderea006406",5.76485083510172,NA,NA,NA,5.76485083510172,1.0273283949842,"Direct",5.76485083510172,1.0273283949842,4.73752244011752,1.71849852968128e-06,0.0939013000420854,54641.4782557308,"OA","OA + Bleaching","lpv.LC_CC","lpv.LH_CC","discordant","Direct (discordant significance)","OA >> OA + Bleaching",2,2,1.3,100,1.0273283949842
"OA+Bleaching vs OA_55","OA+Bleaching vs OA","Ssiderea008293",1.07446476951047,NA,"UPF0728 protein C10orf53 homolog","Function Unknown",1.07446476951047,3.56308873795236,"Direct",1.07446476951047,3.56308873795236,2.48862396844189,0.0842432727820405,0.000273470989500576,308.051954380569,"OA","OA + Bleaching","lpv.LC_CC","lpv.LH_CC","discordant","Direct (discordant significance)","OA + Bleaching >> OA",2,2,1.3,100,3.56308873795236
"OA+Bleaching vs OA_56","OA+Bleaching vs OA","Ssiderea009538",1.00880479007692,NA,"Histone h2b","Chromatin structure and dynamics",1.00880479007692,4.49163993813473,"Direct",1.00880479007692,4.49163993813473,3.48283514805781,0.0979930352835653,3.22374040004493e-05,3039.73096847996,"OA","OA + Bleaching","lpv.LC_CC","lpv.LH_CC","discordant","Direct (discordant significance)","OA + Bleaching >> OA",2,2,1.3,100,4.49163993813473
"OA+Bleaching vs OA_57","OA+Bleaching vs OA","Ssiderea010040",1.04819293861646,NA,"NAD/NADP octopine/nopaline dehydrogenase, alpha-helical domain","Function Unknown",1.04819293861646,6.32432892860136,"Direct",1.04819293861646,6.32432892860136,5.2761359899849,0.0894967081307395,4.73882936961609e-07,188858.262558607,"OA","OA + Bleaching","lpv.LC_CC","lpv.LH_CC","discordant","Direct (discordant significance)","OA + Bleaching >> OA",2,2,1.3,100,6.32432892860136
"OA+Bleaching vs OA_58","OA+Bleaching vs OA","Ssiderea010197",1.00307072817822,NA,"Connector enhancer of kinase suppressor of ras","Signal transduction mechanisms",1.00307072817822,3.67355483143531,"Direct",1.00307072817822,3.67355483143531,2.6704841032571,0.0992954325045587,0.000212053365023651,468.256811173376,"OA","OA + Bleaching","lpv.LC_CC","lpv.LH_CC","discordant","Direct (discordant significance)","OA + Bleaching >> OA",2,2,1.3,100,3.67355483143531
"OA+Bleaching vs OA_59","OA+Bleaching vs OA","Ssiderea011646",1.03254756757463,NA,"Scavenger receptor Cys-rich","Signal transduction mechanisms",1.03254756757463,11.7775036497969,"Direct",1.03254756757463,11.7775036497969,10.7449560822223,0.092779586457632,1.66915377963731e-12,55584804461.6907,"OA","OA + Bleaching","lpv.LC_CC","lpv.LH_CC","discordant","Direct (discordant significance)","OA + Bleaching >> OA",2,2,1.3,100,11.7775036497969
"OA+Bleaching vs OA_60","OA+Bleaching vs OA","Ssiderea013350",1.08867647140721,NA,NA,NA,1.08867647140721,3.40665424662693,"Direct",1.08867647140721,3.40665424662693,2.31797777521972,0.0815311425817965,0.000392053877401245,207.959026249736,"OA","OA + Bleaching","lpv.LC_CC","lpv.LH_CC","discordant","Direct (discordant significance)","OA + Bleaching >> OA",2,2,1.3,100,3.40665424662693
"OA+Bleaching vs OA_61","OA+Bleaching vs OA","Ssiderea013425",1.26908147921629,NA,"Sulfide quinone","Energy production and conversion",1.26908147921629,3.73317353695501,"Direct",1.26908147921629,3.73317353695501,2.46409205773872,0.05381688056723,0.000184852982916941,291.133417043161,"OA","OA + Bleaching","lpv.LC_CC","lpv.LH_CC","discordant","Direct (discordant significance)","OA + Bleaching >> OA",2,2,1.3,100,3.73317353695501
"OA+Bleaching vs OA_62","OA+Bleaching vs OA","Ssiderea014838",1.27844721149116,NA,"regulation of endoplasmic reticulum stress-induced intrinsic apoptotic signaling pathway","Function Unknown",1.27844721149116,14.6434598360616,"Direct",1.27844721149116,14.6434598360616,13.3650126245704,0.0526687229853755,2.27268980591902e-15,23174620156347.1,"OA","OA + Bleaching","lpv.LC_CC","lpv.LH_CC","discordant","Direct (discordant significance)","OA + Bleaching >> OA",2,2,1.3,100,14.6434598360616
"OA+Bleaching vs OA_63","OA+Bleaching vs OA","Ssiderea014953",1.03274880894491,NA,NA,NA,1.03274880894491,3.56308873795236,"Direct",1.03274880894491,3.56308873795236,2.53033992900745,0.0927366046406914,0.000273470989500576,339.109478522935,"OA","OA + Bleaching","lpv.LC_CC","lpv.LH_CC","discordant","Direct (discordant significance)","OA + Bleaching >> OA",2,2,1.3,100,3.56308873795236
"OA+Bleaching vs OA_64","OA+Bleaching vs OA","Ssiderea019309",1.21814288802561,NA,"Universal stress protein family","Signal transduction mechanisms",1.21814288802561,4.98870776003929,"Direct",1.21814288802561,4.98870776003929,3.77056487201368,0.0605141743200371,1.02634232726084e-05,5896.10042504441,"OA","OA + Bleaching","lpv.LC_CC","lpv.LH_CC","discordant","Direct (discordant significance)","OA + Bleaching >> OA",2,2,1.3,100,4.98870776003929
"OA+Bleaching vs OA_65","OA+Bleaching vs OA","Ssiderea020402",1.22743956942968,NA,NA,NA,1.22743956942968,9.44052626301685,"Direct",1.22743956942968,9.44052626301685,8.21308669358716,0.0592325501180507,3.6263835581376e-10,163337796.922041,"OA","OA + Bleaching","lpv.LC_CC","lpv.LH_CC","discordant","Direct (discordant significance)","OA + Bleaching >> OA",2,2,1.3,100,9.44052626301685
"OA+Bleaching vs OA_66","OA+Bleaching vs OA","Ssiderea028433",1.01702866401415,NA,"histone H2A K63-linked ubiquitination","Signal transduction mechanisms",1.01702866401415,5.11934281050095,"Direct",1.01702866401415,5.11934281050095,4.10231414648681,0.0961548812787165,7.59726349935403e-06,12656.5152422174,"OA","OA + Bleaching","lpv.LC_CC","lpv.LH_CC","discordant","Direct (discordant significance)","OA + Bleaching >> OA",2,2,1.3,100,5.11934281050095
"OA+Bleaching vs OA_67","OA+Bleaching vs OA","Ssiderea029552",1.14194249179464,NA,"Histidine phosphatase superfamily (branch 2)","Function Unknown",1.14194249179464,7.59228952520056,"Direct",1.14194249179464,7.59228952520056,6.45034703340592,0.0721202972781134,2.55688075765224e-08,2820635.92767366,"OA","OA + Bleaching","lpv.LC_CC","lpv.LH_CC","discordant","Direct (discordant significance)","OA + Bleaching >> OA",2,2,1.3,100,7.59228952520056
"OA+Bleaching vs OA_68","OA+Bleaching vs OA","Ssiderea033479",1.00076078865555,NA,NA,NA,1.00076078865555,6.90463971453363,"Direct",1.00076078865555,6.90463971453363,5.90387892587808,0.0998249752854915,1.24554747445554e-07,801454.599947124,"OA","OA + Bleaching","lpv.LC_CC","lpv.LH_CC","discordant","Direct (discordant significance)","OA + Bleaching >> OA",2,2,1.3,100,6.90463971453363
"OA+Bleaching vs OA_69","OA+Bleaching vs OA","Ssiderea034786",1.18481645467933,NA,"Filamin C, gamma","Cytoskeleton",1.18481645467933,3.185226545326,"Direct",1.18481645467933,3.185226545326,2.00041009064667,0.0653406642714136,0.000652789942543117,100.094471457176,"OA","OA + Bleaching","lpv.LC_CC","lpv.LH_CC","discordant","Direct (discordant significance)","OA + Bleaching >> OA",2,2,1.3,100,3.185226545326
"OA+Bleaching vs OA_70","OA+Bleaching vs OA","Ssiderea035505",1.21388471685481,NA,NA,NA,1.21388471685481,4.51004099292275,"Direct",1.21388471685481,4.51004099292275,3.29615627606794,0.0611104220535244,3.09000375424285e-05,1977.6811587887,"OA","OA + Bleaching","lpv.LC_CC","lpv.LH_CC","discordant","Direct (discordant significance)","OA + Bleaching >> OA",2,2,1.3,100,4.51004099292275
"OA+Bleaching vs OA_71","OA+Bleaching vs OA","Ssiderea042330",-1.03812050527686,NA,"Sterol-sensing domain of SREBP cleavage-activation","Lipid transport and metabolism",-1.03812050527686,-8.10373712192794,"Direct",1.03812050527686,8.10373712192794,7.06561661665108,0.0915966298342009,7.87522332037657e-09,11630988.2409558,"OA","OA + Bleaching","lpv.LC_CC","lpv.LH_CC","discordant","Direct (discordant significance)","OA + Bleaching >> OA",2,2,1.3,100,-8.10373712192794
"OA+Bleaching vs OA_72","OA+Bleaching vs OA","Ssiderea046072",1.15719890594455,NA,"acetyltransferase activator activity","Function Unknown",1.15719890594455,4.42722869580078,"Direct",1.15719890594455,4.42722869580078,3.27002978985623,0.0696307533707862,3.73913636661685e-05,1862.2148684507,"OA","OA + Bleaching","lpv.LC_CC","lpv.LH_CC","discordant","Direct (discordant significance)","OA + Bleaching >> OA",2,2,1.3,100,4.42722869580078
"OA+Bleaching vs OA_73","OA+Bleaching vs OA","Ssiderea047239",1.07879763048339,NA,"brca1 gene 1","Function Unknown",1.07879763048339,3.31410163597914,"Direct",1.07879763048339,3.31410163597914,2.23530400549575,0.0834069748092154,0.000485174943570928,171.911134147475,"OA","OA + Bleaching","lpv.LC_CC","lpv.LH_CC","discordant","Direct (discordant significance)","OA + Bleaching >> OA",2,2,1.3,100,3.31410163597914
"OA+Bleaching vs OA_74","OA+Bleaching vs OA","Ssiderea047859",-1.27922708257751,NA,"Belongs to the peptidase M10A family","Posttranslational modification, protein turnover, chaperones",-1.27922708257751,-4.14348980529428,"Direct",1.27922708257751,4.14348980529428,2.86426272271677,0.0525742295976789,7.18638027619024e-05,731.581513601036,"OA","OA + Bleaching","lpv.LC_CC","lpv.LH_CC","discordant","Direct (discordant significance)","OA + Bleaching >> OA",2,2,1.3,100,-4.14348980529428
"OA+Bleaching vs OA_75","OA+Bleaching vs OA","Ssiderea050054",1.15682391191172,NA,"Macrophage migration inhibitory","Defense mechanisms",1.15682391191172,7.8052210469656,"Direct",1.15682391191172,7.8052210469656,6.64839713505388,0.0696909024038625,1.56595382892047e-08,4450380.40820818,"OA","OA + Bleaching","lpv.LC_CC","lpv.LH_CC","discordant","Direct (discordant significance)","OA + Bleaching >> OA",2,2,1.3,100,7.8052210469656
"OA+Bleaching vs OA_76","OA+Bleaching vs OA","Ssiderea051703",1.27308785499505,NA,"Glutathione S-transferase, C-terminal domain","Posttranslational modification, protein turnover, chaperones",1.27308785499505,4.11347515261816,"Direct",1.27308785499505,4.11347515261816,2.84038729762312,0.0533227016162589,7.70060500730483e-05,692.448211090904,"OA","OA + Bleaching","lpv.LC_CC","lpv.LH_CC","discordant","Direct (discordant significance)","OA + Bleaching >> OA",2,2,1.3,100,4.11347515261816
"OA+Bleaching vs OA_77","OA+Bleaching vs OA","Ssiderea052473",1.21938821691528,NA,"Cupin-like domain","",1.21938821691528,4.63658715696031,"Direct",1.21938821691528,4.63658715696031,3.41719894004503,0.0603408999421806,2.30894103954517e-05,2613.3581979238,"OA","OA + Bleaching","lpv.LC_CC","lpv.LH_CC","discordant","Direct (discordant significance)","OA + Bleaching >> OA",2,2,1.3,100,4.63658715696031
"OA+Bleaching vs OA_78","OA+Bleaching vs OA","Ssiderea053828",1.00475133192339,NA,NA,NA,1.00475133192339,21.2781127614357,"Direct",1.00475133192339,21.2781127614357,20.2733614295123,0.0989119281879076,5.27092987754768e-22,1.87655556962042e+20,"OA","OA + Bleaching","lpv.LC_CC","lpv.LH_CC","discordant","Direct (discordant significance)","OA + Bleaching >> OA",2,2,1.3,100,21.2781127614357
"OA+Bleaching vs OA_79","OA+Bleaching vs OA","Ssiderea054861",-1.27844721149116,NA,NA,NA,-1.27844721149116,-9.14801595803233,"Direct",1.27844721149116,9.14801595803233,7.86956874654117,0.0526687229853755,7.11187380786803e-10,74057448.7234389,"OA","OA + Bleaching","lpv.LC_CC","lpv.LH_CC","discordant","Direct (discordant significance)","OA + Bleaching >> OA",2,2,1.3,100,-9.14801595803233
"Bleaching vs OA+Bleaching_1","Bleaching vs OA+Bleaching","Ssiderea003024",NA,-3.13150902296147,NA,NA,-3.13150902296147,-1.11317077770081,"Direct",3.13150902296147,1.11317077770081,2.01833824526066,0.000738738914693615,0.0770600386142866,104.312954254273,"Bleaching","OA + Bleaching","lpv.CH_CC","lpv.LH_CC","discordant","Direct (discordant significance)","Bleaching >> OA + Bleaching",2,2,1.3,100,-1.11317077770081
"Bleaching vs OA+Bleaching_2","Bleaching vs OA+Bleaching","Ssiderea003135",NA,-3.53720946577411,"GRIP and coiled-coil","Intracellular trafficking, secretion, and vesicular transport",-3.53720946577411,-1.22125048715753,"Direct",3.53720946577411,1.22125048715753,2.31595897861658,0.000290262234497756,0.0600827099686519,206.994582235659,"Bleaching","OA + Bleaching","lpv.CH_CC","lpv.LH_CC","discordant","Direct (discordant significance)","Bleaching >> OA + Bleaching",2,2,1.3,100,-1.22125048715753
"Bleaching vs OA+Bleaching_3","Bleaching vs OA+Bleaching","Ssiderea005967",NA,3.14940636160962,"D-serine biosynthetic process","",3.14940636160962,1.08491841936124,"Direct",3.14940636160962,1.08491841936124,2.06448794224839,0.000708914139208478,0.0822397119745956,116.008000724063,"Bleaching","OA + Bleaching","lpv.CH_CC","lpv.LH_CC","discordant","Direct (discordant significance)","Bleaching >> OA + Bleaching",2,2,1.3,100,1.08491841936124
"Bleaching vs OA+Bleaching_4","Bleaching vs OA+Bleaching","Ssiderea014953",NA,1.28232280603987,NA,NA,1.28232280603987,3.56308873795236,"Direct",1.28232280603987,3.56308873795236,2.28076593191249,0.0522008042254872,0.000273470989500576,190.882419816516,"Bleaching","OA + Bleaching","lpv.CH_CC","lpv.LH_CC","discordant","Direct (discordant significance)","OA + Bleaching >> Bleaching",2,2,1.3,100,3.56308873795236
"Bleaching vs OA+Bleaching_5","Bleaching vs OA+Bleaching","Ssiderea017960",NA,-1.03862554527781,"glutaryl-CoA dehydrogenase","Amino acid transport and metabolism",-1.03862554527781,-5.36188460088572,"Direct",1.03862554527781,5.36188460088572,4.32325905560791,0.0914901742457253,4.34625695952771e-06,21050.3371286329,"Bleaching","OA + Bleaching","lpv.CH_CC","lpv.LH_CC","discordant","Direct (discordant significance)","OA + Bleaching >> Bleaching",2,2,1.3,100,-5.36188460088572
"Bleaching vs OA+Bleaching_6","Bleaching vs OA+Bleaching","Ssiderea018985",NA,-1.22983485537808,"structural constituent of ribosome","Translation, ribosomal structure and biogenesis",-1.22983485537808,-3.37201777377758,"Direct",1.22983485537808,3.37201777377758,2.1421829183995,0.0589067611353825,0.000424602186476487,138.734003289558,"Bleaching","OA + Bleaching","lpv.CH_CC","lpv.LH_CC","discordant","Direct (discordant significance)","OA + Bleaching >> Bleaching",2,2,1.3,100,-3.37201777377758
"Bleaching vs OA+Bleaching_7","Bleaching vs OA+Bleaching","Ssiderea021580",NA,1.040420354012,NA,NA,1.040420354012,3.57339346727675,"Direct",1.040420354012,3.57339346727675,2.53297311326475,0.0911128530322999,0.000267058578324483,341.171789365236,"Bleaching","OA + Bleaching","lpv.CH_CC","lpv.LH_CC","discordant","Direct (discordant significance)","OA + Bleaching >> Bleaching",2,2,1.3,100,3.57339346727675
"Bleaching vs OA+Bleaching_8","Bleaching vs OA+Bleaching","Ssiderea024129",NA,-1.22518094459872,"Belongs to the sodium solute symporter (SSF) (TC 2.A.21) family","Lipid transport and metabolism",-1.22518094459872,-3.50102292707569,"Direct",1.22518094459872,3.50102292707569,2.27584198247697,0.0595414018346655,0.000315483807020962,188.730453067942,"Bleaching","OA + Bleaching","lpv.CH_CC","lpv.LH_CC","discordant","Direct (discordant significance)","OA + Bleaching >> Bleaching",2,2,1.3,100,-3.50102292707569
"Bleaching vs OA+Bleaching_9","Bleaching vs OA+Bleaching","Ssiderea029956",NA,-1.06503237425969,"organic anion transmembrane transporter activity","Transcription",-1.06503237425969,-4.34952542767449,"Direct",1.06503237425969,4.34952542767449,3.2844930534148,0.0860929572238545,4.47171969378826e-05,1925.27624983846,"Bleaching","OA + Bleaching","lpv.CH_CC","lpv.LH_CC","discordant","Direct (discordant significance)","OA + Bleaching >> Bleaching",2,2,1.3,100,-4.34952542767449
"Bleaching vs OA+Bleaching_10","Bleaching vs OA+Bleaching","Ssiderea036502",NA,-1.01913576888692,"Methyltransferase domain","Secondary metabolites biosynthesis, transport and catabolism",-1.01913576888692,-3.24439222696875,"Direct",1.01913576888692,3.24439222696875,2.22525645808184,0.0956894880612971,0.000569649568875451,167.979567245523,"Bleaching","OA + Bleaching","lpv.CH_CC","lpv.LH_CC","discordant","Direct (discordant significance)","OA + Bleaching >> Bleaching",2,2,1.3,100,-3.24439222696875
"Bleaching vs OA+Bleaching_11","Bleaching vs OA+Bleaching","Ssiderea039014",NA,-1.1611511884198,"coenzyme binding","Nucleotide transport and metabolism",-1.1611511884198,-3.29990189783827,"Direct",1.1611511884198,3.29990189783827,2.13875070941847,0.0689999556479967,0.00050130045888505,137.641915990782,"Bleaching","OA + Bleaching","lpv.CH_CC","lpv.LH_CC","discordant","Direct (discordant significance)","OA + Bleaching >> Bleaching",2,2,1.3,100,-3.29990189783827
"Bleaching vs OA+Bleaching_12","Bleaching vs OA+Bleaching","Ssiderea042271",NA,-1.22965085400306,"calcium-activated potassium channel activity","Signal transduction mechanisms",-1.22965085400306,-3.66127921642466,"Direct",1.22965085400306,3.66127921642466,2.4316283624216,0.0589317239703598,0.00021813270430653,270.164550325963,"Bleaching","OA + Bleaching","lpv.CH_CC","lpv.LH_CC","discordant","Direct (discordant significance)","OA + Bleaching >> Bleaching",2,2,1.3,100,-3.66127921642466
"Bleaching vs OA+Bleaching_13","Bleaching vs OA+Bleaching","Ssiderea044451",NA,-4.99554415740086,NA,NA,-4.99554415740086,-1.21340312163468,"Direct",4.99554415740086,1.21340312163468,3.78214103576619,1.01031277056969e-05,0.0611782258418782,6055.37489221099,"Bleaching","OA + Bleaching","lpv.CH_CC","lpv.LH_CC","discordant","Direct (discordant significance)","Bleaching >> OA + Bleaching",2,2,1.3,100,-1.21340312163468
"Bleaching vs OA+Bleaching_14","Bleaching vs OA+Bleaching","Ssiderea046072",NA,1.13153548655266,"acetyltransferase activator activity","Function Unknown",1.13153548655266,4.42722869580078,"Direct",1.13153548655266,4.42722869580078,3.29569320924812,0.0738693901252649,3.73913636661685e-05,1975.57357856144,"Bleaching","OA + Bleaching","lpv.CH_CC","lpv.LH_CC","discordant","Direct (discordant significance)","OA + Bleaching >> Bleaching",2,2,1.3,100,4.42722869580078
"Bleaching vs OA+Bleaching_15","Bleaching vs OA+Bleaching","Ssiderea046544",NA,-1.1473377211343,"negative regulation of histone acetylation","Translation, ribosomal structure and biogenesis",-1.1473377211343,-3.64338841107552,"Direct",1.1473377211343,3.64338841107552,2.49605068994122,0.0712298908528068,0.000227306360801287,313.365145619821,"Bleaching","OA + Bleaching","lpv.CH_CC","lpv.LH_CC","discordant","Direct (discordant significance)","OA + Bleaching >> Bleaching",2,2,1.3,100,-3.64338841107552
"Bleaching vs OA+Bleaching_16","Bleaching vs OA+Bleaching","Ssiderea046616",NA,-4.21058932367187,"Acyl-CoA synthetase long-chain family member","Lipid transport and metabolism",-4.21058932367187,-1.07337156004778,"Direct",4.21058932367187,1.07337156004778,3.13721776362409,6.1575886966612e-05,0.0844555977273139,1371.56932506888,"Bleaching","OA + Bleaching","lpv.CH_CC","lpv.LH_CC","discordant","Direct (discordant significance)","Bleaching >> OA + Bleaching",2,2,1.3,100,-1.07337156004778
"Bleaching vs OA+Bleaching_17","Bleaching vs OA+Bleaching","Ssiderea60314",NA,-4.45966815399704,"calcium ion binding","Signal transduction mechanisms",-4.45966815399704,-1.12807618503001,"Direct",4.45966815399704,1.12807618503001,3.33159196896703,3.47001894596578e-05,0.074460134260873,2145.81347884109,"Bleaching","OA + Bleaching","lpv.CH_CC","lpv.LH_CC","discordant","Direct (discordant significance)","Bleaching >> OA + Bleaching",2,2,1.3,100,-1.12807618503001
"Bleaching vs OA+Bleaching_18","Bleaching vs OA+Bleaching","Ssiderea60478",NA,-1.04270936802472,NA,NA,-1.04270936802472,-3.89451804663109,"Direct",1.04270936802472,3.89451804663109,2.85180867860637,0.0906338924405682,0.000127491712105968,710.900269071884,"Bleaching","OA + Bleaching","lpv.CH_CC","lpv.LH_CC","discordant","Direct (discordant significance)","OA + Bleaching >> Bleaching",2,2,1.3,100,-3.89451804663109
